source,location,address,property_type,bedrooms,bathrooms,parking,size_sqft,price_kes,listing_url,listing_date
property24,Westlands,"Westlands Rd Nairobi, Westlands, Nairobi",Apartment,1.0,1.0,1.0,732,8940000,https://www.property24.co.ke/1-bedroom-apartment-flat-for-sale-in-westlands-116952712,2026-02-23
property24,Westlands,"Westlands Rd Nairobi, Westlands, Nairobi",Apartment,1.0,1.0,1.0,732,8940000,https://www.property24.co.ke/1-bedroom-apartment-flat-for-sale-in-westlands-116952632,2026-02-23
property24,Syokimau,"Mombasa Road Nairobi, Syokimau, Nairobi",Apartment,2.0,2.0,1.0,990,7500000,https://www.property24.co.ke/2-bedroom-apartment-flat-for-sale-in-syokimau-116952121,2026-02-23
property24,Westlands,"Rhapta Terraces Rhapta Road, Westlands, Nairobi",Apartment,1.0,1.0,1.0,753,9200000,https://www.property24.co.ke/1-bedroom-apartment-flat-for-sale-in-westlands-116948905,2026-02-23
property24,Westlands,"Rhapta Terraces Rhapta Road, Westlands, Nairobi",Apartment,1.0,1.0,1.0,721,9000000,https://www.property24.co.ke/1-bedroom-apartment-flat-for-sale-in-westlands-116946769,2026-02-23
property24,Westlands,"Ring Rd Westlands Ln Nairobi, Westlands, Nairobi",Apartment,1.0,1.0,1.0,1173,13800000,https://www.property24.co.ke/1-bedroom-apartment-flat-for-sale-in-westlands-116946442,2026-02-23
property24,Westlands,"Ring Rd Westlands Ln Nairobi, Westlands, Nairobi",Apartment,1.0,1.0,1.0,807,7500000,https://www.property24.co.ke/1-bedroom-apartment-flat-for-sale-in-westlands-116946413,2026-02-23
property24,Westlands,"Ring Rd Westlands Ln Nairobi, Westlands, Nairobi",Apartment,1.0,1.0,1.0,807,7500000,https://www.property24.co.ke/1-bedroom-apartment-flat-for-sale-in-westlands-116946296,2026-02-23
property24,Westlands,"Ring Rd Westlands Ln Nairobi, Westlands, Nairobi",Apartment,1.0,1.0,1.0,807,7500000,https://www.property24.co.ke/1-bedroom-apartment-flat-for-sale-in-westlands-116946281,2026-02-23
property24,Westlands,"PQQJ+M66 Muthangari Dr, Westlands, Nairobi",Apartment,3.0,,2.0,1668,24600000,https://www.property24.co.ke/3-bedroom-apartment-flat-for-sale-in-westlands-116949986,2026-02-23
property24,Westlands,"Rhapta Terraces Rhapta Road, Westlands, Nairobi",Apartment,1.0,1.0,1.0,721,8100000,https://www.property24.co.ke/1-bedroom-apartment-flat-for-sale-in-westlands-116950448,2026-02-23
property24,Westlands,"Rhapta Terraces Rhapta Road, Westlands, Nairobi",Apartment,2.0,2.0,1.0,1109,11500000,https://www.property24.co.ke/2-bedroom-apartment-flat-for-sale-in-westlands-116951712,2026-02-23
property24,Syokimau,"Mombasa Road Nairobi, Syokimau, Nairobi",Apartment,1.0,1.0,1.0,603,4400000,https://www.property24.co.ke/1-bedroom-apartment-flat-for-sale-in-syokimau-116952117,2026-02-23
property24,Westlands,"Rhapta Terraces Rhapta Road, Westlands, Nairobi",Apartment,1.0,1.0,1.0,818,9000000,https://www.property24.co.ke/1-bedroom-apartment-flat-for-sale-in-westlands-116951703,2026-02-23
property24,Westlands,"Ring Rd Westlands Ln Nairobi, Westlands, Nairobi",Apartment,2.0,2.0,1.0,1173,13800000,https://www.property24.co.ke/2-bedroom-apartment-flat-for-sale-in-westlands-101757717,2026-02-23
property24,Westlands,"Rhapta Terraces Rhapta Road, Westlands, Nairobi",Apartment,1.0,1.0,1.0,753,9200000,https://www.property24.co.ke/1-bedroom-apartment-flat-for-sale-in-westlands-116948948,2026-02-23
property24,Westlands,"Rhapta Terraces Rhapta Road, Westlands, Nairobi",Apartment,1.0,1.0,1.0,721,9000000,https://www.property24.co.ke/1-bedroom-apartment-flat-for-sale-in-westlands-116948789,2026-02-23
property24,Westlands,"Ring Rd Westlands Ln Nairobi, Westlands, Nairobi",Apartment,2.0,2.0,1.0,1173,13800000,https://www.property24.co.ke/2-bedroom-apartment-flat-for-sale-in-westlands-116941823,2026-02-23
property24,Westlands,"Ring Rd Westlands Ln Nairobi, Westlands, Nairobi",Apartment,2.0,2.0,1.0,1173,13800000,https://www.property24.co.ke/2-bedroom-apartment-flat-for-sale-in-westlands-116941809,2026-02-23
property24,Westlands,"Ring Rd Westlands Ln Nairobi, Westlands, Nairobi",Apartment,1.0,1.0,1.0,807,7500000,https://www.property24.co.ke/1-bedroom-apartment-flat-for-sale-in-westlands-116941800,2026-02-23
property24,Westlands,"Ring Rd Westlands Ln Nairobi, Westlands, Nairobi",Apartment,1.0,1.0,1.0,807,7500000,https://www.property24.co.ke/1-bedroom-apartment-flat-for-sale-in-westlands-116941778,2026-02-23
property24,Westlands,"Ring Rd Westlands Ln Nairobi, Westlands, Nairobi",Apartment,1.0,1.0,1.0,775,7500000,https://www.property24.co.ke/1-bedroom-apartment-flat-for-sale-in-westlands-116941746,2026-02-23
property24,Westlands,"Rhapta Road Nairobi, Westlands, Nairobi",Apartment,2.0,3.0,1.0,1184,13000000,https://www.property24.co.ke/2-bedroom-apartment-flat-for-sale-in-westlands-116952590,2026-02-23
property24,Westlands,"Rhapta Road Nairobi, Westlands, Nairobi",Apartment,2.0,3.0,1.0,1184,13000000,https://www.property24.co.ke/2-bedroom-apartment-flat-for-sale-in-westlands-116952571,2026-02-23
property24,Westlands,"Rhapta Road Nairobi, Westlands, Nairobi",Apartment,2.0,3.0,1.0,1152,12300000,https://www.property24.co.ke/2-bedroom-apartment-flat-for-sale-in-westlands-116951738,2026-02-23
property24,Westlands,"Rhapta Road Nairobi, Westlands, Nairobi",Apartment,2.0,3.0,1.0,1152,12300000,https://www.property24.co.ke/2-bedroom-apartment-flat-for-sale-in-westlands-116951731,2026-02-23
property24,Westlands,"Rhapta Terraces Rhapta Road, Westlands, Nairobi",Apartment,2.0,3.0,1.0,1453,15150000,https://www.property24.co.ke/2-bedroom-apartment-flat-for-sale-in-westlands-101757725,2026-02-23
property24,Westlands,"Muthithi Rd Nairobi, Westlands, Nairobi",Apartment,1.0,1.0,1.0,700,6500000,https://www.property24.co.ke/1-bedroom-apartment-flat-for-sale-in-westlands-116936702,2026-02-23
property24,Westlands,"Muthithi Rd Nairobi, Westlands, Nairobi",Apartment,1.0,1.0,1.0,700,6500000,https://www.property24.co.ke/1-bedroom-apartment-flat-for-sale-in-westlands-116936679,2026-02-23
property24,Westlands,"Muthithi Rd Nairobi, Westlands, Nairobi",Apartment,1.0,1.0,1.0,700,6500000,https://www.property24.co.ke/1-bedroom-apartment-flat-for-sale-in-westlands-116936669,2026-02-23
property24,Westlands,"Muthithi Rd Nairobi, Westlands, Nairobi",Apartment,3.0,3.0,3.0,1668,21714000,https://www.property24.co.ke/3-bedroom-apartment-flat-for-sale-in-westlands-116936654,2026-02-23
property24,Westlands,"Muthithi Rd Nairobi, Westlands, Nairobi",Apartment,3.0,3.0,3.0,1668,21714000,https://www.property24.co.ke/3-bedroom-apartment-flat-for-sale-in-westlands-116936636,2026-02-23
property24,Westlands,"Muthithi Rd Nairobi, Westlands, Nairobi",Apartment,3.0,3.0,3.0,1668,21714000,https://www.property24.co.ke/3-bedroom-apartment-flat-for-sale-in-westlands-116936626,2026-02-23
property24,Westlands,"Jalaram Rd Spring Valley, Westlands, Nairobi",Apartment,3.0,,2.0,1636,21000000,https://www.property24.co.ke/3-bedroom-apartment-flat-for-sale-in-westlands-116950006,2026-02-23
property24,Kilimani,"Wood Ave Kilimani, Kilimani, Nairobi",Apartment,,1.0,1.0,463,5200000,https://www.property24.co.ke/apartment-flat-for-sale-in-kilimani-116952065,2026-02-23
property24,Westlands,"Rhapta Terraces Rhapta Road, Westlands, Nairobi",Apartment,2.0,3.0,1.0,1561,16450000,https://www.property24.co.ke/2-bedroom-apartment-flat-for-sale-in-westlands-116949133,2026-02-23
property24,Westlands,"Rhapta Terraces Rhapta Road, Westlands, Nairobi",Apartment,2.0,3.0,1.0,1453,15150000,https://www.property24.co.ke/2-bedroom-apartment-flat-for-sale-in-westlands-116949084,2026-02-23
property24,Westlands,"Rhapta Road Nairobi, Westlands, Nairobi",Apartment,2.0,3.0,1.0,1399,14450000,https://www.property24.co.ke/2-bedroom-apartment-flat-for-sale-in-westlands-116948976,2026-02-23
property24,Kileleshwa,"Gatundu Rd Kileleshwa, Kileleshwa, Nairobi",Apartment,2.0,3.0,1.0,1184,9000000,https://www.property24.co.ke/2-bedroom-apartment-flat-for-sale-in-kileleshwa-116940445,2026-02-23
property24,Westlands,"Westlands Rd Nairobi, Westlands, Nairobi",Apartment,1.0,1.0,1.0,732,8940000,https://www.property24.co.ke/1-bedroom-apartment-flat-for-sale-in-westlands-116941557,2026-02-23
property24,Westlands,"Westlands Rd Nairobi, Westlands, Nairobi",Apartment,1.0,1.0,1.0,732,7000000,https://www.property24.co.ke/1-bedroom-apartment-flat-for-sale-in-westlands-116941473,2026-02-23
property24,Westlands,"Rhapta Terraces Rhapta Road, Westlands, Nairobi",Apartment,2.0,3.0,1.0,1399,14450000,https://www.property24.co.ke/2-bedroom-apartment-flat-for-sale-in-westlands-116949011,2026-02-23
property24,Westlands,"Westlands Rd Nairobi, Westlands, Nairobi",Apartment,2.0,2.0,1.0,1238,14575000,https://www.property24.co.ke/2-bedroom-apartment-flat-for-sale-in-westlands-116941674,2026-02-23
property24,Westlands,"Westlands Rd Nairobi, Westlands, Nairobi",Apartment,2.0,2.0,1.0,1238,12000000,https://www.property24.co.ke/2-bedroom-apartment-flat-for-sale-in-westlands-116941613,2026-02-23
property24,Westlands,"Rhapta Terraces Rhapta Road, Westlands, Nairobi",Apartment,3.0,4.0,2.0,2131,22550000,https://www.property24.co.ke/3-bedroom-apartment-flat-for-sale-in-westlands-116949226,2026-02-23
property24,Kileleshwa,"Gatundu Rd Kileleshwa, Kileleshwa, Nairobi",Apartment,3.0,3.0,2.0,1464,12500000,https://www.property24.co.ke/3-bedroom-apartment-flat-for-sale-in-kileleshwa-116940463,2026-02-23
property24,Westlands,"Rhapta Road Nairobi, Westlands, Nairobi",Apartment,2.0,3.0,1.0,1152,12300000,https://www.property24.co.ke/2-bedroom-apartment-flat-for-sale-in-westlands-116946209,2026-02-23
property24,Westlands,"Rhapta Road Nairobi, Westlands, Nairobi",Apartment,2.0,3.0,1.0,1152,12300000,https://www.property24.co.ke/2-bedroom-apartment-flat-for-sale-in-westlands-116946149,2026-02-23
property24,Westlands,"Rhapta Road Nairobi, Westlands, Nairobi",Apartment,2.0,3.0,1.0,1152,12300000,https://www.property24.co.ke/2-bedroom-apartment-flat-for-sale-in-westlands-116946146,2026-02-23
property24,Kileleshwa,"Kileleshwa Nairobi, Kileleshwa, Nairobi",Apartment,2.0,2.0,2.0,1087,9210000,https://www.property24.co.ke/2-bedroom-apartment-flat-for-sale-in-kileleshwa-116931390,2026-02-23
property24,Kileleshwa,"Kileleshwa Nairobi, Kileleshwa, Nairobi",Apartment,2.0,2.0,1.0,1087,9210000,https://www.property24.co.ke/2-bedroom-apartment-flat-for-sale-in-kileleshwa-116931375,2026-02-23
property24,Kileleshwa,"Kileleshwa Nairobi, Kileleshwa, Nairobi",Apartment,2.0,2.0,1.0,1087,9210000,https://www.property24.co.ke/2-bedroom-apartment-flat-for-sale-in-kileleshwa-116931358,2026-02-23
property24,Kileleshwa,"Kileleshwa Nairobi, Kileleshwa, Nairobi",Apartment,2.0,2.0,1.0,807,7150000,https://www.property24.co.ke/2-bedroom-apartment-flat-for-sale-in-kileleshwa-116931342,2026-02-23
property24,Kileleshwa,"Kileleshwa Nairobi, Kileleshwa, Nairobi",Apartment,2.0,2.0,2.0,807,7150000,https://www.property24.co.ke/2-bedroom-apartment-flat-for-sale-in-kileleshwa-116931337,2026-02-23
property24,Kileleshwa,"Kileleshwa Nairobi, Kileleshwa, Nairobi",Apartment,2.0,2.0,1.0,807,7150000,https://www.property24.co.ke/2-bedroom-apartment-flat-for-sale-in-kileleshwa-116931318,2026-02-23
property24,Kileleshwa,"Kileleshwa Nairobi, Kileleshwa, Nairobi",Apartment,1.0,1.0,1.0,700,5110000,https://www.property24.co.ke/1-bedroom-apartment-flat-for-sale-in-kileleshwa-116931274,2026-02-23
property24,Kileleshwa,"Kileleshwa Nairobi, Kileleshwa, Nairobi",Apartment,1.0,1.0,1.0,700,5110000,https://www.property24.co.ke/1-bedroom-apartment-flat-for-sale-in-kileleshwa-116931260,2026-02-23
property24,Westlands,"Rhapta Terraces Rhapta Road, Westlands, Nairobi",Apartment,2.0,3.0,1.0,1561,16450000,https://www.property24.co.ke/2-bedroom-apartment-flat-for-sale-in-westlands-116949178,2026-02-23
property24,Westlands,"Rhapta Terraces Rhapta Road, Westlands, Nairobi",Apartment,2.0,3.0,1.0,1453,15150000,https://www.property24.co.ke/2-bedroom-apartment-flat-for-sale-in-westlands-116949112,2026-02-23
property24,Kileleshwa,"Gatundu Rd Kileleshwa, Kileleshwa, Nairobi",Apartment,2.0,3.0,1.0,1184,9000000,https://www.property24.co.ke/2-bedroom-apartment-flat-for-sale-in-kileleshwa-116940454,2026-02-23
property24,Westlands,"Rhapta Terraces Rhapta Road, Westlands, Nairobi",Apartment,2.0,2.0,1.0,1227,13000000,https://www.property24.co.ke/2-bedroom-apartment-flat-for-sale-in-westlands-116951718,2026-02-23
property24,Kileleshwa,"Kileleshwa Nairobi, Kileleshwa, Nairobi",Apartment,2.0,2.0,2.0,807,7150000,https://www.property24.co.ke/2-bedroom-apartment-flat-for-sale-in-kileleshwa-101750537,2026-02-23
property24,Westlands,"Westlands, Westlands, Nairobi",Apartment,4.0,5.0,3.0,2271,27500000,https://www.property24.co.ke/4-bedroom-apartment-flat-for-sale-in-westlands-116933194,2026-02-23
property24,Westlands,"Westlands Rd Nairobi, Westlands, Nairobi",Apartment,1.0,1.0,1.0,732,8940000,https://www.property24.co.ke/1-bedroom-apartment-flat-for-sale-in-westlands-116941574,2026-02-23
property24,Westlands,"Westlands Rd Nairobi, Westlands, Nairobi",Apartment,1.0,1.0,1.0,732,7000000,https://www.property24.co.ke/1-bedroom-apartment-flat-for-sale-in-westlands-116941527,2026-02-23
property24,Kileleshwa,"Gatundu Rd Kileleshwa, Kileleshwa, Nairobi",Apartment,3.0,3.0,2.0,1464,12500000,https://www.property24.co.ke/3-bedroom-apartment-flat-for-sale-in-kileleshwa-116940470,2026-02-23
property24,Westlands,"Westlands Rd Nairobi, Westlands, Nairobi",Apartment,2.0,2.0,1.0,1238,12000000,https://www.property24.co.ke/2-bedroom-apartment-flat-for-sale-in-westlands-116941633,2026-02-23
property24,Riverside,"Riverside Dr Nairobi, Riverside, Nairobi",Apartment,3.0,,2.0,1873,21000000,https://www.property24.co.ke/3-bedroom-apartment-flat-for-sale-in-riverside-101731245,2026-02-23
property24,Riverside,"Riverside Dr Nairobi, Riverside, Nairobi",Apartment,3.0,,2.0,1873,21000000,https://www.property24.co.ke/3-bedroom-apartment-flat-for-sale-in-riverside-116931022,2026-02-23
property24,Westlands,"Rhapta Terraces Rhapta Road, Westlands, Nairobi",Apartment,3.0,4.0,2.0,2131,22550000,https://www.property24.co.ke/3-bedroom-apartment-flat-for-sale-in-westlands-116949320,2026-02-23
property24,Westlands,"Rhapta Road Nairobi, Westlands, Nairobi",Apartment,2.0,3.0,1.0,1346,13900000,https://www.property24.co.ke/2-bedroom-apartment-flat-for-sale-in-westlands-116951749,2026-02-23
property24,Westlands,"Rhapta Road Nairobi, Westlands, Nairobi",Apartment,2.0,3.0,1.0,1346,13900000,https://www.property24.co.ke/2-bedroom-apartment-flat-for-sale-in-westlands-116951743,2026-02-23
property24,Westlands,"Rhapta Road Nairobi, Westlands, Nairobi",Apartment,2.0,3.0,1.0,1496,16600000,https://www.property24.co.ke/2-bedroom-apartment-flat-for-sale-in-westlands-116951774,2026-02-23
property24,Westlands,"Rhapta Road Nairobi, Westlands, Nairobi",Apartment,2.0,3.0,1.0,1496,16600000,https://www.property24.co.ke/2-bedroom-apartment-flat-for-sale-in-westlands-116951770,2026-02-23
property24,Westlands,"Rhapta Road Nairobi, Westlands, Nairobi",Apartment,2.0,3.0,1.0,1464,16200000,https://www.property24.co.ke/2-bedroom-apartment-flat-for-sale-in-westlands-116951763,2026-02-23
property24,Westlands,"Rhapta Road Nairobi, Westlands, Nairobi",Apartment,2.0,3.0,1.0,1464,16200000,https://www.property24.co.ke/2-bedroom-apartment-flat-for-sale-in-westlands-116951759,2026-02-23
property24,Kilimani,"Riara Rd Maziwa, Kilimani, Nairobi",Apartment,2.0,,1.0,1292,14800000,https://www.property24.co.ke/2-bedroom-apartment-flat-for-sale-in-kilimani-116930365,2026-02-23
property24,Kilimani,"Riara Rd Maziwa, Kilimani, Nairobi",Apartment,2.0,2.0,1.0,1130,9700000,https://www.property24.co.ke/2-bedroom-apartment-flat-for-sale-in-kilimani-116930428,2026-02-23
property24,Kilimani,"Riara Rd Maziwa, Kilimani, Nairobi",Apartment,2.0,2.0,1.0,1184,11800000,https://www.property24.co.ke/2-bedroom-apartment-flat-for-sale-in-kilimani-116930412,2026-02-23
property24,Kilimani,"Riara Rd Maziwa, Kilimani, Nairobi",Apartment,2.0,2.0,1.0,1216,12800000,https://www.property24.co.ke/2-bedroom-apartment-flat-for-sale-in-kilimani-116930393,2026-02-23
property24,Westlands,"Matundu Lane Spring Valley, Westlands, Nairobi",Apartment,2.0,2.0,1.0,969,14000000,https://www.property24.co.ke/2-bedroom-apartment-flat-for-sale-in-westlands-116927119,2026-02-23
property24,Westlands,"Westlands, Westlands, Nairobi",Apartment,1.0,1.0,1.0,689,8800000,https://www.property24.co.ke/1-bedroom-apartment-flat-for-sale-in-westlands-116926536,2026-02-23
property24,Westlands,"Rhapta Road Nairobi, Westlands, Nairobi",Apartment,2.0,3.0,1.0,1152,12300000,https://www.property24.co.ke/2-bedroom-apartment-flat-for-sale-in-westlands-116945162,2026-02-23
property24,Westlands,"Rhapta Road Nairobi, Westlands, Nairobi",Apartment,2.0,3.0,1.0,1152,12300000,https://www.property24.co.ke/2-bedroom-apartment-flat-for-sale-in-westlands-116945153,2026-02-23
property24,Westlands,"Rhapta Road Nairobi, Westlands, Nairobi",Apartment,2.0,3.0,1.0,1152,12300000,https://www.property24.co.ke/2-bedroom-apartment-flat-for-sale-in-westlands-116945153,2026-02-23
property24,Kilimani,"Riara Rd Maziwa, Kilimani, Nairobi",Apartment,4.0,,2.0,2476,26500000,https://www.property24.co.ke/4-bedroom-apartment-flat-for-sale-in-kilimani-116930331,2026-02-23
property24,Kilimani,"Riara Rd Maziwa, Kilimani, Nairobi",Apartment,5.0,,3.0,2799,28200000,https://www.property24.co.ke/5-bedroom-apartment-flat-for-sale-in-kilimani-116930326,2026-02-23
property24,Kilimani,"Riara Rd Maziwa, Kilimani, Nairobi",Apartment,3.0,3.0,1.0,1399,15800000,https://www.property24.co.ke/3-bedroom-apartment-flat-for-sale-in-kilimani-116930355,2026-02-23
property24,Westlands,"Muthithi Rd Nairobi, Westlands, Nairobi",Apartment,2.0,2.0,2.0,1163,10757000,https://www.property24.co.ke/2-bedroom-apartment-flat-for-sale-in-westlands-116926407,2026-02-23
property24,Westlands,"Muthithi Rd Nairobi, Westlands, Nairobi",Apartment,2.0,2.0,2.0,1163,10757000,https://www.property24.co.ke/2-bedroom-apartment-flat-for-sale-in-westlands-116926404,2026-02-23
property24,Westlands,"Muthithi Rd Nairobi, Westlands, Nairobi",Apartment,2.0,2.0,2.0,1163,10757000,https://www.property24.co.ke/2-bedroom-apartment-flat-for-sale-in-westlands-116926394,2026-02-23
property24,Westlands,"Muthithi Rd Nairobi, Westlands, Nairobi",Apartment,3.0,3.0,2.0,1668,21714000,https://www.property24.co.ke/3-bedroom-apartment-flat-for-sale-in-westlands-116926459,2026-02-23
property24,Westlands,"Muthithi Rd Nairobi, Westlands, Nairobi",Apartment,3.0,3.0,2.0,1668,21714000,https://www.property24.co.ke/3-bedroom-apartment-flat-for-sale-in-westlands-116926577,2026-02-23
property24,Westlands,"Muthithi Rd Nairobi, Westlands, Nairobi",Apartment,3.0,3.0,2.0,1668,21714000,https://www.property24.co.ke/3-bedroom-apartment-flat-for-sale-in-westlands-116926422,2026-02-23
property24,Kilimani,"Wood Ave Kilimani, Kilimani, Nairobi",Apartment,,1.0,1.0,463,5200000,https://www.property24.co.ke/apartment-flat-for-sale-in-kilimani-116950646,2026-02-23
property24,Kilimani,"Riara Rd Maziwa, Kilimani, Nairobi",Apartment,4.0,,2.0,2476,26500000,https://www.property24.co.ke/4-bedroom-apartment-flat-for-sale-in-kilimani-101747586,2026-02-23
property24,Westlands,"Westlands, Westlands, Nairobi",Apartment,4.0,5.0,3.0,2271,27500000,https://www.property24.co.ke/4-bedroom-apartment-flat-for-sale-in-westlands-116926603,2026-02-23
property24,Westlands,"PQQJ+M66 Muthangari Dr, Westlands, Nairobi",Apartment,4.0,,2.0,2293,31000000,https://www.property24.co.ke/4-bedroom-apartment-flat-for-sale-in-westlands-116949904,2026-02-23
property24,Westlands,"Westlands, Westlands, Nairobi",Apartment,5.0,6.0,4.0,2863,35000000,https://www.property24.co.ke/5-bedroom-apartment-flat-for-sale-in-westlands-116926565,2026-02-23
property24,Riverside,"Riverside Dr Nairobi, Riverside, Nairobi",Apartment,2.0,2.0,1.0,1227,13600000,https://www.property24.co.ke/2-bedroom-apartment-flat-for-sale-in-riverside-116930230,2026-02-23
property24,Westlands,"Rhapta Road Nairobi, Westlands, Nairobi",Apartment,2.0,3.0,1.0,1410,15500000,https://www.property24.co.ke/2-bedroom-apartment-flat-for-sale-in-westlands-116952618,2026-02-23
property24,Westlands,"Rhapta Road Nairobi, Westlands, Nairobi",Apartment,2.0,3.0,1.0,1410,15500000,https://www.property24.co.ke/2-bedroom-apartment-flat-for-sale-in-westlands-116952612,2026-02-23
property24,Westlands,"School Ln Spring Valley, Westlands, Nairobi",Apartment,1.0,1.0,1.0,409,7749000,https://www.property24.co.ke/1-bedroom-apartment-flat-for-sale-in-westlands-116926518,2026-02-23
property24,Riverside,"Riverside Dr Nairobi, Riverside, Nairobi",Apartment,2.0,,1.0,1389,15600000,https://www.property24.co.ke/2-bedroom-apartment-flat-for-sale-in-riverside-116930220,2026-02-23
property24,Riverside,"Riverside Dr Nairobi, Riverside, Nairobi",Apartment,3.0,,2.0,1873,21000000,https://www.property24.co.ke/3-bedroom-apartment-flat-for-sale-in-riverside-116930216,2026-02-23
property24,Westlands,"Rhapta Road Nairobi, Westlands, Nairobi",Apartment,2.0,3.0,1.0,1184,13000000,https://www.property24.co.ke/2-bedroom-apartment-flat-for-sale-in-westlands-116945316,2026-02-23
property24,Westlands,"Rhapta Road Nairobi, Westlands, Nairobi",Apartment,2.0,2.0,1.0,883,12000000,https://www.property24.co.ke/2-bedroom-apartment-flat-for-sale-in-westlands-116926390,2026-02-23
property24,Kileleshwa,"Gatundu Rd Kileleshwa, Kileleshwa, Nairobi",Apartment,1.0,1.0,1.0,710,7000000,https://www.property24.co.ke/1-bedroom-apartment-flat-for-sale-in-kileleshwa-116940494,2026-02-23
property24,Kileleshwa,"Gatundu Rd Kileleshwa, Kileleshwa, Nairobi",Apartment,1.0,1.0,1.0,700,6900000,https://www.property24.co.ke/1-bedroom-apartment-flat-for-sale-in-kileleshwa-116940480,2026-02-23
property24,Westlands,"Rhapta Road Nairobi, Westlands, Nairobi",Apartment,3.0,,2.0,1528,17500000,https://www.property24.co.ke/3-bedroom-apartment-flat-for-sale-in-westlands-116926373,2026-02-23
property24,Westlands,"Muthangari Dr Nairobi, Westlands, Nairobi",Apartment,3.0,,2.0,1668,24600000,https://www.property24.co.ke/3-bedroom-apartment-flat-for-sale-in-westlands-101757252,2026-02-23
property24,Westlands,"Rhapta Road Nairobi, Westlands, Nairobi",Apartment,2.0,3.0,1.0,1346,13900000,https://www.property24.co.ke/2-bedroom-apartment-flat-for-sale-in-westlands-116946157,2026-02-23
property24,Westlands,"Muthangari Dr Nairobi, Westlands, Nairobi",Apartment,3.0,,2.0,1668,24600000,https://www.property24.co.ke/3-bedroom-apartment-flat-for-sale-in-westlands-116926045,2026-02-23
property24,Westlands,"Muthangari Dr Nairobi, Westlands, Nairobi",Apartment,4.0,,2.0,2293,31000000,https://www.property24.co.ke/4-bedroom-apartment-flat-for-sale-in-westlands-116926043,2026-02-23
property24,Westlands,"Westlands Rd Nairobi, Westlands, Nairobi",Apartment,1.0,1.0,1.0,732,7000000,https://www.property24.co.ke/1-bedroom-apartment-flat-for-sale-in-westlands-116931463,2026-02-23
property24,Kilimani,"Wood Ave Kilimani, Kilimani, Nairobi",Apartment,,1.0,1.0,463,5200000,https://www.property24.co.ke/apartment-flat-for-sale-in-kilimani-116950620,2026-02-23
property24,Westlands,"Rhapta Road Nairobi, Westlands, Nairobi",Apartment,2.0,3.0,1.0,1184,13000000,https://www.property24.co.ke/2-bedroom-apartment-flat-for-sale-in-westlands-116945325,2026-02-23
property24,Kilimani,"Kirichwa Rd Kilimani, Kilimani, Nairobi",Apartment,2.0,2.0,1.0,1259,14700000,https://www.property24.co.ke/2-bedroom-apartment-flat-for-sale-in-kilimani-116940367,2026-02-23
property24,Kileleshwa,"Othaya Rd Nairobi, Kileleshwa, Nairobi",Apartment,4.0,5.0,2.0,2454,26000000,https://www.property24.co.ke/4-bedroom-apartment-flat-for-sale-in-kileleshwa-116940641,2026-02-23
property24,Westlands,"Westlands Rd Nairobi, Westlands, Nairobi",Apartment,1.0,1.0,1.0,732,7000000,https://www.property24.co.ke/1-bedroom-apartment-flat-for-sale-in-westlands-116931532,2026-02-23
property24,Kileleshwa,"Othaya Rd Nairobi, Kileleshwa, Nairobi",Apartment,4.0,5.0,2.0,2454,26000000,https://www.property24.co.ke/4-bedroom-apartment-flat-for-sale-in-kileleshwa-116940653,2026-02-23
property24,Westlands,"Matundu Lane Spring Valley, Westlands, Nairobi",Apartment,1.0,1.0,1.0,624,8700000,https://www.property24.co.ke/1-bedroom-apartment-flat-for-sale-in-westlands-116927122,2026-02-23
property24,Westlands,"School Ln Spring Valley, Westlands, Nairobi",Apartment,1.0,1.0,1.0,614,11236000,https://www.property24.co.ke/1-bedroom-apartment-flat-for-sale-in-westlands-116926501,2026-02-23
property24,Kileleshwa,"Othaya Rd Nairobi, Kileleshwa, Nairobi",Apartment,3.0,4.0,2.0,2207,24000000,https://www.property24.co.ke/3-bedroom-apartment-flat-for-sale-in-kileleshwa-116940628,2026-02-23
property24,Kilimani,"Kilimani Estate Kilimani, Kilimani, Nairobi",Apartment,,1.0,1.0,484,5500000,https://www.property24.co.ke/apartment-flat-for-sale-in-kilimani-116924922,2026-02-23
property24,Riverside,"Riverside Dr Nairobi, Riverside, Nairobi",Apartment,2.0,2.0,1.0,904,10000000,https://www.property24.co.ke/2-bedroom-apartment-flat-for-sale-in-riverside-116930236,2026-02-23
property24,Kilimani,"Kirichwa Rd Kilimani, Kilimani, Nairobi",Apartment,2.0,2.0,1.0,1259,14700000,https://www.property24.co.ke/2-bedroom-apartment-flat-for-sale-in-kilimani-116940371,2026-02-23
property24,Westlands,"Rhapta Road Nairobi, Westlands, Nairobi",Apartment,2.0,3.0,1.0,1346,13900000,https://www.property24.co.ke/2-bedroom-apartment-flat-for-sale-in-westlands-116945230,2026-02-23
property24,Westlands,"Rhapta Road Nairobi, Westlands, Nairobi",Apartment,2.0,3.0,1.0,1346,13900000,https://www.property24.co.ke/2-bedroom-apartment-flat-for-sale-in-westlands-116945180,2026-02-23
property24,Westlands,"Rhapta Road Nairobi, Westlands, Nairobi",Apartment,1.0,1.0,1.0,614,6200000,https://www.property24.co.ke/1-bedroom-apartment-flat-for-sale-in-westlands-116926419,2026-02-23
property24,Kileleshwa,"Othaya Rd Nairobi, Kileleshwa, Nairobi",Apartment,3.0,4.0,2.0,2207,24000000,https://www.property24.co.ke/3-bedroom-apartment-flat-for-sale-in-kileleshwa-116940637,2026-02-23
property24,Kileleshwa,"Gatundu Rd Kileleshwa, Kileleshwa, Nairobi",Apartment,1.0,1.0,1.0,710,7000000,https://www.property24.co.ke/1-bedroom-apartment-flat-for-sale-in-kileleshwa-116940555,2026-02-23
property24,Kileleshwa,"Gatundu Rd Kileleshwa, Kileleshwa, Nairobi",Apartment,1.0,1.0,1.0,700,6900000,https://www.property24.co.ke/1-bedroom-apartment-flat-for-sale-in-kileleshwa-116940484,2026-02-23
property24,Riverside,"Riverside Dr Nairobi, Riverside, Nairobi",Apartment,1.0,1.0,1.0,646,7200000,https://www.property24.co.ke/1-bedroom-apartment-flat-for-sale-in-riverside-116930246,2026-02-23
property24,Westlands,"Rhapta Terraces Rhapta Road, Westlands, Nairobi",Apartment,1.0,1.0,1.0,721,9000000,https://www.property24.co.ke/1-bedroom-apartment-flat-for-sale-in-westlands-116923431,2026-02-23
property24,Westlands,"Rhapta Road Nairobi, Westlands, Nairobi",Apartment,2.0,3.0,1.0,1496,16600000,https://www.property24.co.ke/2-bedroom-apartment-flat-for-sale-in-westlands-116945311,2026-02-23
property24,Westlands,"Rhapta Road Nairobi, Westlands, Nairobi",Apartment,2.0,3.0,1.0,1496,16600000,https://www.property24.co.ke/2-bedroom-apartment-flat-for-sale-in-westlands-116945304,2026-02-23
property24,Westlands,"Rhapta Road Nairobi, Westlands, Nairobi",Apartment,2.0,3.0,1.0,1464,16200000,https://www.property24.co.ke/2-bedroom-apartment-flat-for-sale-in-westlands-116945268,2026-02-23
property24,Westlands,"Rhapta Road Nairobi, Westlands, Nairobi",Apartment,2.0,3.0,1.0,1464,16200000,https://www.property24.co.ke/2-bedroom-apartment-flat-for-sale-in-westlands-116945255,2026-02-23
property24,Kilimani,"PQ2G+QH Kilimani, Kilimani, Nairobi",Apartment,5.0,,3.0,4790,62500000,https://www.property24.co.ke/5-bedroom-apartment-flat-for-sale-in-kilimani-116923414,2026-02-23
property24,Westlands,"Rhapta Road Nairobi, Westlands, Nairobi",Apartment,2.0,3.0,1.0,1496,16600000,https://www.property24.co.ke/2-bedroom-apartment-flat-for-sale-in-westlands-101739666,2026-02-23
property24,Westlands,"Rhapta Road Nairobi, Westlands, Nairobi",Apartment,2.0,3.0,1.0,1152,12300000,https://www.property24.co.ke/2-bedroom-apartment-flat-for-sale-in-westlands-116931159,2026-02-23
property24,Westlands,"Rhapta Road Nairobi, Westlands, Nairobi",Apartment,2.0,3.0,1.0,1152,12300000,https://www.property24.co.ke/2-bedroom-apartment-flat-for-sale-in-westlands-116931146,2026-02-23
property24,Kilimani,"PQ2G+QH Kilimani, Kilimani, Nairobi",Apartment,5.0,,3.0,3251,33500000,https://www.property24.co.ke/5-bedroom-apartment-flat-for-sale-in-kilimani-116923543,2026-02-23
property24,Kilimani,"PQ4H+8MC Elgeyo Rd, Kilimani, Nairobi",Apartment,5.0,,3.0,3864,52500000,https://www.property24.co.ke/5-bedroom-apartment-flat-for-sale-in-kilimani-116923402,2026-02-23
property24,Kilimani,"PQ4H+8MC Elgeyo Rd, Kilimani, Nairobi",Apartment,4.0,,2.0,2971,42500000,https://www.property24.co.ke/4-bedroom-apartment-flat-for-sale-in-kilimani-116923388,2026-02-23
property24,Kilimani,"PQ2G+QH Kilimani, Kilimani, Nairobi",Apartment,3.0,,2.0,2174,22500000,https://www.property24.co.ke/3-bedroom-apartment-flat-for-sale-in-kilimani-116923586,2026-02-23
property24,Kilimani,"Kilimani Estate Kilimani, Kilimani, Nairobi",Apartment,,1.0,1.0,484,5500000,https://www.property24.co.ke/apartment-flat-for-sale-in-kilimani-116924925,2026-02-23
property24,Westlands,"Rhapta Road Nairobi, Westlands, Nairobi",Apartment,1.0,1.0,1.0,861,8200000,https://www.property24.co.ke/1-bedroom-apartment-flat-for-sale-in-westlands-116945384,2026-02-23
property24,Kileleshwa,"Othaya Rd Nairobi, Kileleshwa, Nairobi",Apartment,4.0,5.0,2.0,2960,31000000,https://www.property24.co.ke/4-bedroom-apartment-flat-for-sale-in-kileleshwa-116941139,2026-02-23
property24,Westlands,"Rhapta Road Nairobi, Westlands, Nairobi",Apartment,2.0,3.0,1.0,1184,13000000,https://www.property24.co.ke/2-bedroom-apartment-flat-for-sale-in-westlands-116931258,2026-02-23
property24,Kileleshwa,"Gatundu Rd Kileleshwa, Kileleshwa, Nairobi",Apartment,2.0,2.0,1.0,1184,11500000,https://www.property24.co.ke/2-bedroom-apartment-flat-for-sale-in-kileleshwa-116940564,2026-02-23
property24,Kileleshwa,"Othaya Rd Nairobi, Kileleshwa, Nairobi",Apartment,4.0,5.0,2.0,2960,31000000,https://www.property24.co.ke/4-bedroom-apartment-flat-for-sale-in-kileleshwa-116941152,2026-02-23
property24,Westlands,"Ring Rd Parklands Nairobi, Westlands, Nairobi",Apartment,,1.0,1.0,936,10500000,https://www.property24.co.ke/2-bedroom-apartment-flat-for-sale-in-westlands-116925932,2026-02-23
property24,Westlands,"Ring Rd Parklands Nairobi, Westlands, Nairobi",Apartment,2.0,2.0,1.0,1173,13800000,https://www.property24.co.ke/2-bedroom-apartment-flat-for-sale-in-westlands-116925928,2026-02-23
property24,Westlands,"Rhapta Terraces Rhapta Road, Westlands, Nairobi",Apartment,1.0,1.0,1.0,721,9000000,https://www.property24.co.ke/1-bedroom-apartment-flat-for-sale-in-westlands-116923457,2026-02-23
property24,Kileleshwa,"Ring Road Kileleshwa Nairobi, Kileleshwa, Nairobi",Apartment,2.0,2.0,2.0,861,7150000,https://www.property24.co.ke/2-bedroom-apartment-flat-for-sale-in-kileleshwa-116919703,2026-02-23
property24,Kileleshwa,"Ring Road Kileleshwa Nairobi, Kileleshwa, Nairobi",Apartment,2.0,2.0,2.0,807,7150000,https://www.property24.co.ke/2-bedroom-apartment-flat-for-sale-in-kileleshwa-116919692,2026-02-23
property24,Kileleshwa,"Kileleshwa Nairobi, Kileleshwa, Nairobi",Apartment,1.0,1.0,1.0,700,5110000,https://www.property24.co.ke/1-bedroom-apartment-flat-for-sale-in-kileleshwa-116919667,2026-02-23
property24,Westlands,"Rhapta Road Nairobi, Westlands, Nairobi",Apartment,1.0,1.0,1.0,861,8200000,https://www.property24.co.ke/1-bedroom-apartment-flat-for-sale-in-westlands-101757565,2026-02-23
property24,Kileleshwa,"Kileleshwa Nairobi, Kileleshwa, Nairobi",Apartment,1.0,1.0,1.0,700,5110000,https://www.property24.co.ke/1-bedroom-apartment-flat-for-sale-in-kileleshwa-116919655,2026-02-23
property24,Kilimani,"Kirichwa Rd Kilimani, Kilimani, Nairobi",Apartment,2.0,2.0,1.0,1313,15600000,https://www.property24.co.ke/2-bedroom-apartment-flat-for-sale-in-kilimani-116940377,2026-02-23
property24,Kilimani,"Wood Ave Kilimani, Kilimani, Nairobi",Apartment,1.0,1.0,1.0,807,8200000,https://www.property24.co.ke/1-bedroom-apartment-flat-for-sale-in-kilimani-116950892,2026-02-23
property24,Westlands,"Rhapta Road Nairobi, Westlands, Nairobi",House,2.0,3.0,1.0,1184,13000000,https://www.property24.co.ke/2-bedroom-house-for-sale-in-westlands-116931281,2026-02-23
property24,Westlands,"Ring Rd Parklands Nairobi, Westlands, Nairobi",Apartment,3.0,,2.0,1701,19800000,https://www.property24.co.ke/3-bedroom-apartment-flat-for-sale-in-westlands-116925924,2026-02-23
property24,Westlands,"Ring Rd Parklands Nairobi, Westlands, Nairobi",Apartment,3.0,,2.0,1808,21800000,https://www.property24.co.ke/3-bedroom-apartment-flat-for-sale-in-westlands-116925923,2026-02-23
property24,Kileleshwa,"Gatundu Rd Kileleshwa, Kileleshwa, Nairobi",Apartment,2.0,2.0,1.0,1184,11500000,https://www.property24.co.ke/2-bedroom-apartment-flat-for-sale-in-kileleshwa-116940576,2026-02-23
property24,Westlands,"Ring Rd Parklands Nairobi, Westlands, Nairobi",Apartment,,3.0,2.0,1399,17800000,https://www.property24.co.ke/2-bedroom-apartment-flat-for-sale-in-westlands-116925926,2026-02-23
property24,Westlands,"Jalaram Rd Spring Valley, Westlands, Nairobi",Apartment,3.0,,2.0,1636,19500000,https://www.property24.co.ke/3-bedroom-apartment-flat-for-sale-in-westlands-116926144,2026-02-23
property24,Westlands,"Jalaram Rd Spring Valley, Westlands, Nairobi",Apartment,4.0,,2.0,2174,27000000,https://www.property24.co.ke/4-bedroom-apartment-flat-for-sale-in-westlands-116926142,2026-02-23
property24,Lower Kabete,"Lower Kabete, Lower Kabete, Nairobi",Apartment,1.0,1.0,1.0,549,4310000,https://www.property24.co.ke/1-bedroom-apartment-flat-for-sale-in-lower-kabete-116926879,2026-02-23
property24,Westlands,"Jalaram Rd Spring Valley, Westlands, Nairobi",Apartment,4.0,,2.0,2174,27000000,https://www.property24.co.ke/4-bedroom-apartment-flat-for-sale-in-westlands-116950031,2026-02-23
property24,Westlands,"Rhapta Road Nairobi, Westlands, Nairobi",Apartment,2.0,3.0,1.0,1410,15500000,https://www.property24.co.ke/2-bedroom-apartment-flat-for-sale-in-westlands-116945332,2026-02-23
property24,Kilimani,"Kirichwa Rd Kilimani, Kilimani, Nairobi",Apartment,2.0,2.0,1.0,1313,15600000,https://www.property24.co.ke/2-bedroom-apartment-flat-for-sale-in-kilimani-116940389,2026-02-23
property24,Westlands,"Rhapta Road Nairobi, Westlands, Nairobi",Apartment,2.0,3.0,1.0,1346,13900000,https://www.property24.co.ke/2-bedroom-apartment-flat-for-sale-in-westlands-116931194,2026-02-23
property24,Westlands,"Rhapta Road Nairobi, Westlands, Nairobi",Apartment,2.0,3.0,1.0,1346,13900000,https://www.property24.co.ke/2-bedroom-apartment-flat-for-sale-in-westlands-116931173,2026-02-23
property24,Westlands,"Muthithi Rd Nairobi, Westlands, Nairobi",Apartment,2.0,2.0,2.0,1485,20010000,https://www.property24.co.ke/2-bedroom-apartment-flat-for-sale-in-westlands-116915294,2026-02-23
property24,Westlands,"Muthithi Rd Nairobi, Westlands, Nairobi",Apartment,2.0,2.0,2.0,1485,20010000,https://www.property24.co.ke/2-bedroom-apartment-flat-for-sale-in-westlands-116915276,2026-02-23
property24,Westlands,"Muthithi Rd Nairobi, Westlands, Nairobi",Apartment,1.0,1.0,1.0,700,6500000,https://www.property24.co.ke/1-bedroom-apartment-flat-for-sale-in-westlands-116915244,2026-02-23
property24,Westlands,"Muthithi Rd Nairobi, Westlands, Nairobi",Apartment,1.0,1.0,1.0,700,6500000,https://www.property24.co.ke/1-bedroom-apartment-flat-for-sale-in-westlands-116915236,2026-02-23
property24,Westlands,"Muthithi Rd Nairobi, Westlands, Nairobi",Apartment,1.0,1.0,1.0,700,6500000,https://www.property24.co.ke/1-bedroom-apartment-flat-for-sale-in-westlands-116915215,2026-02-23
property24,Westlands,"Rhapta Road Nairobi, Westlands, Nairobi",Apartment,2.0,3.0,1.0,1410,15500000,https://www.property24.co.ke/2-bedroom-apartment-flat-for-sale-in-westlands-116945337,2026-02-23
property24,Westlands,"Muthithi Rd Nairobi, Westlands, Nairobi",Apartment,1.0,1.0,1.0,700,6500000,https://www.property24.co.ke/1-bedroom-apartment-flat-for-sale-in-westlands-101743387,2026-02-23
property24,Kilimani,"Kilimani Estate Kilimani, Kilimani, Nairobi",Apartment,2.0,3.0,1.0,1076,10800000,https://www.property24.co.ke/2-bedroom-apartment-flat-for-sale-in-kilimani-116924938,2026-02-23
property24,Kilimani,"Kilimani Estate Kilimani, Kilimani, Nairobi",Apartment,1.0,1.0,1.0,807,8200000,https://www.property24.co.ke/1-bedroom-apartment-flat-for-sale-in-kilimani-116924929,2026-02-23
property24,Kilimani,"Wood Ave Kilimani, Kilimani, Nairobi",Apartment,1.0,1.0,1.0,807,8200000,https://www.property24.co.ke/1-bedroom-apartment-flat-for-sale-in-kilimani-116950874,2026-02-23
property24,Kilimani,"Kilimani Estate Kilimani, Kilimani, Nairobi",Apartment,2.0,3.0,1.0,1076,10800000,https://www.property24.co.ke/2-bedroom-apartment-flat-for-sale-in-kilimani-116924945,2026-02-23
property24,Kilimani,"Kilimani Estate Kilimani, Kilimani, Nairobi",Apartment,1.0,1.0,1.0,807,8200000,https://www.property24.co.ke/1-bedroom-apartment-flat-for-sale-in-kilimani-116924933,2026-02-23
property24,Westlands,"Ring Rd Parklands Nairobi, Westlands, Nairobi",Apartment,1.0,1.0,1.0,721,8200000,https://www.property24.co.ke/1-bedroom-apartment-flat-for-sale-in-westlands-116925933,2026-02-23
property24,Westlands,"Westlands Highridge, Westlands, Nairobi",Apartment,1.0,1.0,1.0,592,7800000,https://www.property24.co.ke/1-bedroom-apartment-flat-for-sale-in-westlands-116944151,2026-02-23
property24,Westlands,"Rhapta Road Nairobi, Westlands, Nairobi",Apartment,2.0,2.0,1.0,1184,10700000,https://www.property24.co.ke/2-bedroom-apartment-flat-for-sale-in-westlands-101757469,2026-02-23
property24,Westlands,"Rhapta Road Nairobi, Westlands, Nairobi",Apartment,2.0,2.0,1.0,1184,10700000,https://www.property24.co.ke/2-bedroom-apartment-flat-for-sale-in-westlands-116945537,2026-02-23
property24,Kilimani,"George Padmore Road Kilimani, Kilimani, Nairobi",Apartment,1.0,1.0,1.0,840,8550000,https://www.property24.co.ke/1-bedroom-apartment-flat-for-sale-in-kilimani-116951992,2026-02-23
property24,Kilimani,"Kirichwa Rd Kilimani, Kilimani, Nairobi",Apartment,3.0,4.0,2.0,1959,24000000,https://www.property24.co.ke/3-bedroom-apartment-flat-for-sale-in-kilimani-116940408,2026-02-23
property24,Kilimani,"Kirichwa Rd Kilimani, Kilimani, Nairobi",Apartment,3.0,4.0,2.0,1862,22000000,https://www.property24.co.ke/3-bedroom-apartment-flat-for-sale-in-kilimani-116940395,2026-02-23
property24,Westlands,"Ring Rd Parklands Nairobi, Westlands, Nairobi",Apartment,1.0,1.0,1.0,517,6200000,https://www.property24.co.ke/1-bedroom-apartment-flat-for-sale-in-westlands-116925935,2026-02-23
property24,Westlands,"Rhapta Terraces Rhapta Road, Westlands, Nairobi",Apartment,1.0,1.0,1.0,721,8100000,https://www.property24.co.ke/1-bedroom-apartment-flat-for-sale-in-westlands-116918922,2026-02-23
property24,Westlands,"Rhapta Terraces Rhapta Road, Westlands, Nairobi",Apartment,2.0,2.0,1.0,1109,11500000,https://www.property24.co.ke/2-bedroom-apartment-flat-for-sale-in-westlands-116918946,2026-02-23
property24,Kilimani,"Kirichwa Rd Kilimani, Kilimani, Nairobi",Apartment,3.0,4.0,2.0,1959,24000000,https://www.property24.co.ke/3-bedroom-apartment-flat-for-sale-in-kilimani-116940416,2026-02-23
property24,Kilimani,"Kirichwa Rd Kilimani, Kilimani, Nairobi",Apartment,3.0,4.0,2.0,1862,22000000,https://www.property24.co.ke/3-bedroom-apartment-flat-for-sale-in-kilimani-116940401,2026-02-23
property24,Westlands,"Rhapta Terraces Rhapta Road, Westlands, Nairobi",Apartment,1.0,1.0,1.0,818,9000000,https://www.property24.co.ke/1-bedroom-apartment-flat-for-sale-in-westlands-116918936,2026-02-23
property24,Westlands,"Rhapta Road Nairobi, Westlands, Nairobi",Apartment,3.0,2.0,2.0,1292,15200000,https://www.property24.co.ke/3-bedroom-apartment-flat-for-sale-in-westlands-116945565,2026-02-23
property24,Kileleshwa,"Gatundu Rd Kileleshwa, Kileleshwa, Nairobi",Apartment,2.0,2.0,1.0,1281,12000000,https://www.property24.co.ke/2-bedroom-apartment-flat-for-sale-in-kileleshwa-116940580,2026-02-23
property24,Westlands,"Rhapta Road Nairobi, Westlands, Nairobi",Apartment,2.0,3.0,1.0,1410,15500000,https://www.property24.co.ke/2-bedroom-apartment-flat-for-sale-in-westlands-116931304,2026-02-23
property24,Westlands,"Westlands Rd Nairobi, Westlands, Nairobi",Apartment,1.0,1.0,1.0,732,7000000,https://www.property24.co.ke/1-bedroom-apartment-flat-for-sale-in-westlands-116918962,2026-02-23
property24,Lower Kabete,"Lower Kabete Nairobi, Lower Kabete, Nairobi",Apartment,1.0,1.0,1.0,366,4720000,https://www.property24.co.ke/1-bedroom-apartment-flat-for-sale-in-lower-kabete-116909742,2026-02-23
property24,Westlands,"Westlands, Westlands, Nairobi",Apartment,1.0,1.0,1.0,689,8800000,https://www.property24.co.ke/1-bedroom-apartment-flat-for-sale-in-westlands-116904926,2026-02-23
property24,Kileleshwa,"Ring Road Kileleshwa Nairobi, Kileleshwa, Nairobi",Apartment,2.0,2.0,2.0,915,7150000,https://www.property24.co.ke/2-bedroom-apartment-flat-for-sale-in-kileleshwa-116905775,2026-02-23
property24,Kileleshwa,"Ring Road Kileleshwa Nairobi, Kileleshwa, Nairobi",Apartment,2.0,2.0,2.0,915,7150000,https://www.property24.co.ke/2-bedroom-apartment-flat-for-sale-in-kileleshwa-116905765,2026-02-23
property24,Kileleshwa,"Ring Road Kileleshwa Nairobi, Kileleshwa, Nairobi",Apartment,2.0,2.0,2.0,915,7150000,https://www.property24.co.ke/2-bedroom-apartment-flat-for-sale-in-kileleshwa-116905758,2026-02-23
property24,Kileleshwa,"Ring Road Kileleshwa Nairobi, Kileleshwa, Nairobi",Apartment,1.0,1.0,1.0,700,5110000,https://www.property24.co.ke/1-bedroom-apartment-flat-for-sale-in-kileleshwa-116905743,2026-02-23
property24,Kileleshwa,"Ring Road Kileleshwa Nairobi, Kileleshwa, Nairobi",Apartment,1.0,1.0,1.0,700,5110000,https://www.property24.co.ke/1-bedroom-apartment-flat-for-sale-in-kileleshwa-116905729,2026-02-23
property24,Westlands,"Mogotio Rd Nairobi, Westlands, Nairobi",Apartment,2.0,2.0,1.0,1001,11800000,https://www.property24.co.ke/2-bedroom-apartment-flat-for-sale-in-westlands-116926805,2026-02-23
property24,Westlands,"Mogotio Rd Nairobi, Westlands, Nairobi",Apartment,3.0,2.0,1.0,1464,14800000,https://www.property24.co.ke/3-bedroom-apartment-flat-for-sale-in-westlands-116926783,2026-02-23
property24,Lavington,"Lavington Kileleshwa, Lavington, Nairobi",Apartment,3.0,4.0,2.0,8407,30000000,https://www.property24.co.ke/3-bedroom-apartment-flat-for-sale-in-lavington-116908390,2026-02-23
property24,Westlands,"Westlands, Westlands, Nairobi",Apartment,1.0,1.0,1.0,624,9000000,https://www.property24.co.ke/1-bedroom-apartment-flat-for-sale-in-westlands-116907406,2026-02-23
property24,Kilimani,"Elgeyo Rd Kilimani, Kilimani, Nairobi",Apartment,5.0,6.0,2.0,3864,54000000,https://www.property24.co.ke/5-bedroom-apartment-flat-for-sale-in-kilimani-116940299,2026-02-23
property24,Kilimani,"Elgeyo Rd Kilimani, Kilimani, Nairobi",Apartment,4.0,5.0,2.0,3251,48000000,https://www.property24.co.ke/4-bedroom-apartment-flat-for-sale-in-kilimani-116940279,2026-02-23
property24,Kilimani,"Elgeyo Rd Kilimani, Kilimani, Nairobi",Apartment,4.0,5.0,2.0,2971,44000000,https://www.property24.co.ke/4-bedroom-apartment-flat-for-sale-in-kilimani-116940261,2026-02-23
property24,Kilimani,"Kilimani Nairobi, Kilimani, Nairobi",Apartment,4.0,5.0,2.0,129,25000000,https://www.property24.co.ke/4-bedroom-apartment-flat-for-sale-in-kilimani-116908355,2026-02-23
property24,Kilimani,"Kilimani, Kilimani, Nairobi",Apartment,1.0,1.0,1.0,646,6500000,https://www.property24.co.ke/1-bedroom-apartment-flat-for-sale-in-kilimani-116907481,2026-02-23
property24,Kilimani,"Kilimani, Kilimani, Nairobi",Apartment,1.0,1.0,1.0,646,6000000,https://www.property24.co.ke/1-bedroom-apartment-flat-for-sale-in-kilimani-116907467,2026-02-23
property24,Kilimani,"Kilimani Nairobi, Kilimani, Nairobi",Apartment,1.0,1.0,1.0,592,6000000,https://www.property24.co.ke/1-bedroom-apartment-flat-for-sale-in-kilimani-116907445,2026-02-23
property24,Kilimani,"Kilimani, Kilimani, Nairobi",Apartment,1.0,1.0,1.0,592,5500000,https://www.property24.co.ke/1-bedroom-apartment-flat-for-sale-in-kilimani-116907433,2026-02-23
property24,Kilimani,"Elgeyo Rd Kilimani, Kilimani, Nairobi",Apartment,3.0,4.0,2.0,2207,32000000,https://www.property24.co.ke/3-bedroom-apartment-flat-for-sale-in-kilimani-116940242,2026-02-23
property24,Westlands,"Mogotio Rd Nairobi, Westlands, Nairobi",Apartment,3.0,,2.0,1711,22680000,https://www.property24.co.ke/3-bedroom-apartment-flat-for-sale-in-westlands-116926682,2026-02-23
property24,Westlands,"Rhapta Road Nairobi, Westlands, Nairobi",Apartment,2.0,3.0,1.0,1410,15500000,https://www.property24.co.ke/2-bedroom-apartment-flat-for-sale-in-westlands-116931332,2026-02-23
property24,Westlands,"Westlands, Westlands, Nairobi",Apartment,5.0,6.0,4.0,2852,35000000,https://www.property24.co.ke/5-bedroom-apartment-flat-for-sale-in-westlands-116905252,2026-02-23
property24,Westlands,"Westlands, Westlands, Nairobi",Apartment,1.0,1.0,1.0,624,9000000,https://www.property24.co.ke/1-bedroom-apartment-flat-for-sale-in-westlands-101747742,2026-02-23
property24,Westlands,"Westlands, Westlands, Nairobi",Apartment,4.0,5.0,3.0,2271,27500000,https://www.property24.co.ke/4-bedroom-apartment-flat-for-sale-in-westlands-116905230,2026-02-23
property24,Syokimau,"Mombasa Road Nairobi, Syokimau, Nairobi",Apartment,2.0,2.0,1.0,1163,8000000,https://www.property24.co.ke/2-bedroom-apartment-flat-for-sale-in-syokimau-116922830,2026-02-23
property24,Syokimau,"Mombasa Road Nairobi, Syokimau, Nairobi",Apartment,2.0,2.0,1.0,1163,8000000,https://www.property24.co.ke/2-bedroom-apartment-flat-for-sale-in-syokimau-116922830,2026-02-23
property24,Westlands,"PQQJ+M66 Muthangari Dr, Westlands, Nairobi",Apartment,4.0,5.0,7.0,2293,37200000,https://www.property24.co.ke/4-bedroom-apartment-flat-for-sale-in-westlands-116940761,2026-02-23
property24,Westlands,"PQQJ+M66 Muthangari Dr, Westlands, Nairobi",Apartment,4.0,5.0,7.0,2293,37200000,https://www.property24.co.ke/4-bedroom-apartment-flat-for-sale-in-westlands-116940753,2026-02-23
property24,Westlands,"PQQJ+M66 Muthangari Dr, Westlands, Nairobi",Apartment,4.0,5.0,7.0,2293,37200000,https://www.property24.co.ke/4-bedroom-apartment-flat-for-sale-in-westlands-116940744,2026-02-23
property24,Westlands,"PQQJ+M66 Muthangari Dr, Westlands, Nairobi",Apartment,3.0,4.0,7.0,1722,24400000,https://www.property24.co.ke/3-bedroom-apartment-flat-for-sale-in-westlands-116940738,2026-02-23
property24,Westlands,"PQQJ+M66 Muthangari Dr, Westlands, Nairobi",Apartment,3.0,4.0,4.0,1722,24400000,https://www.property24.co.ke/3-bedroom-apartment-flat-for-sale-in-westlands-116940733,2026-02-23
property24,Westlands,"PQQJ+M66 Muthangari Dr, Westlands, Nairobi",Apartment,3.0,4.0,7.0,1722,24400000,https://www.property24.co.ke/3-bedroom-apartment-flat-for-sale-in-westlands-116940725,2026-02-23
property24,Westlands,"PQQJ+M66 Muthangari Dr, nairobi, Westlands, Nairobi",Apartment,3.0,4.0,7.0,1722,24400000,https://www.property24.co.ke/3-bedroom-apartment-flat-for-sale-in-westlands-116940717,2026-02-23
property24,Syokimau,"Mombasa Road Nairobi, Syokimau, Nairobi",Apartment,2.0,2.0,1.0,1163,8000000,https://www.property24.co.ke/2-bedroom-apartment-flat-for-sale-in-syokimau-101757521,2026-02-23
property24,Kilimani,"Elgeyo Rd Kilimani, Kilimani, Nairobi",Apartment,5.0,6.0,2.0,3864,54000000,https://www.property24.co.ke/5-bedroom-apartment-flat-for-sale-in-kilimani-116940308,2026-02-23
property24,Kilimani,"Elgeyo Rd Kilimani, Kilimani, Nairobi",Apartment,4.0,5.0,2.0,3251,48000000,https://www.property24.co.ke/4-bedroom-apartment-flat-for-sale-in-kilimani-116940287,2026-02-23
property24,Kilimani,"Elgeyo Rd Kilimani, Kilimani, Nairobi",Apartment,4.0,5.0,2.0,2971,44000000,https://www.property24.co.ke/4-bedroom-apartment-flat-for-sale-in-kilimani-116940267,2026-02-23
property24,Kilimani,"Elgeyo Rd Kilimani, Kilimani, Nairobi",Apartment,3.0,4.0,2.0,2207,32000000,https://www.property24.co.ke/3-bedroom-apartment-flat-for-sale-in-kilimani-116940251,2026-02-23
property24,Mirema,"QVRR+4P4 Nairobi, Mirema, Nairobi",Apartment,1.0,1.0,6.0,797,5200000,https://www.property24.co.ke/1-bedroom-apartment-flat-for-sale-in-mirema-116942180,2026-02-23
property24,Mirema,"QVRR+4P4 Nairobi, Mirema, Nairobi",Apartment,1.0,1.0,7.0,797,5200000,https://www.property24.co.ke/1-bedroom-apartment-flat-for-sale-in-mirema-116942147,2026-02-23
property24,Mirema,"QVRR+4P4 Nairobi, Mirema, Nairobi",Apartment,1.0,1.0,3.0,797,5200000,https://www.property24.co.ke/1-bedroom-apartment-flat-for-sale-in-mirema-116942125,2026-02-23
property24,Westlands,"Westlands Rd Nairobi, Westlands, Nairobi",Apartment,1.0,1.0,1.0,732,7000000,https://www.property24.co.ke/1-bedroom-apartment-flat-for-sale-in-westlands-116918976,2026-02-23
property24,Westlands,"Mogotio Rd 23, Westlands, Nairobi",Apartment,1.0,1.0,7.0,603,6800000,https://www.property24.co.ke/1-bedroom-apartment-flat-for-sale-in-westlands-116945731,2026-02-23
property24,Westlands,"Mogotio Rd 23, Westlands, Nairobi",Apartment,1.0,1.0,7.0,603,6800000,https://www.property24.co.ke/1-bedroom-apartment-flat-for-sale-in-westlands-116945707,2026-02-23
property24,Westlands,"Mogotio Rd 23, Westlands, Nairobi",Apartment,1.0,1.0,7.0,603,6800000,https://www.property24.co.ke/1-bedroom-apartment-flat-for-sale-in-westlands-116941008,2026-02-23
property24,Syokimau,"Mombasa Road Nairobi, Syokimau, Nairobi",Apartment,2.0,2.0,1.0,1163,8000000,https://www.property24.co.ke/2-bedroom-apartment-flat-for-sale-in-syokimau-116922950,2026-02-23
property24,Westlands,"Westlands, Westlands, Nairobi",Apartment,3.0,4.0,2.0,1722,24610000,https://www.property24.co.ke/3-bedroom-apartment-flat-for-sale-in-westlands-116904913,2026-02-23
property24,Westlands,"Westlands, Westlands, Nairobi",Townhouse,4.0,,2.0,2293,31000000,https://www.property24.co.ke/4-bedroom-townhouse-for-sale-in-westlands-116904908,2026-02-23
property24,Westlands,"Westlands, Westlands, Nairobi",Apartment,2.0,2.0,2.0,1012,12600000,https://www.property24.co.ke/2-bedroom-apartment-flat-for-sale-in-westlands-116904916,2026-02-23
property24,Westlands,"Westlands, Westlands, Nairobi",Apartment,1.0,1.0,1.0,592,8100000,https://www.property24.co.ke/1-bedroom-apartment-flat-for-sale-in-westlands-116904920,2026-02-23
property24,Kileleshwa,"Gatundu Rd Kileleshwa, Kileleshwa, Nairobi",Apartment,2.0,2.0,1.0,1281,12000000,https://www.property24.co.ke/2-bedroom-apartment-flat-for-sale-in-kileleshwa-116940587,2026-02-23
property24,Westlands,"Westlands Highridge, Westlands, Nairobi",Townhouse,4.0,5.0,3.0,1044,85000000,https://www.property24.co.ke/4-bedroom-townhouse-for-sale-in-westlands-116904319,2026-02-23
property24,Westlands,"Westlands Highridge, Westlands, Nairobi",Apartment,2.0,3.0,2.0,97,14000000,https://www.property24.co.ke/2-bedroom-apartment-flat-for-sale-in-westlands-116904268,2026-02-23
property24,Westlands,"Westlands, Westlands, Nairobi",Apartment,1.0,1.0,1.0,560,6440000,https://www.property24.co.ke/1-bedroom-apartment-flat-for-sale-in-westlands-116902299,2026-02-23
property24,Syokimau,"Syokimau Nairobi, Syokimau, Nairobi",Apartment,3.0,4.0,2.0,549,11500000,https://www.property24.co.ke/3-bedroom-apartment-flat-for-sale-in-syokimau-116904284,2026-02-23
property24,Kilimani,"Kilimani Nairobi, Kilimani, Nairobi",Apartment,1.0,1.0,1.0,301,10500000,https://www.property24.co.ke/1-bedroom-apartment-flat-for-sale-in-kilimani-116904233,2026-02-23
property24,Westlands,"Westlands, Westlands, Nairobi",Apartment,1.0,1.0,1.0,441,5880000,https://www.property24.co.ke/1-bedroom-apartment-flat-for-sale-in-westlands-116903249,2026-02-23
property24,Kileleshwa,"31 Othaya Rd, Kileleshwa, Nairobi",Apartment,4.0,5.0,2.0,2906,24500000,https://www.property24.co.ke/4-bedroom-apartment-flat-for-sale-in-kileleshwa-116929044,2026-02-23
property24,Westlands,"Westlands Highridge, Westlands, Nairobi",Apartment,1.0,1.0,7.0,603,6800000,https://www.property24.co.ke/1-bedroom-apartment-flat-for-sale-in-westlands-116940822,2026-02-23
property24,Westlands,"Mogotio Rd 23, Westlands, Nairobi",Apartment,1.0,1.0,7.0,603,6800000,https://www.property24.co.ke/1-bedroom-apartment-flat-for-sale-in-westlands-116940820,2026-02-23
property24,Westlands,"Mogotio Rd 23, Westlands, Nairobi",Apartment,1.0,1.0,7.0,603,6800000,https://www.property24.co.ke/1-bedroom-apartment-flat-for-sale-in-westlands-116940814,2026-02-23
property24,Westlands,"Mogotio Rd 23, Westlands, Nairobi",Apartment,1.0,1.0,7.0,603,6800000,https://www.property24.co.ke/1-bedroom-apartment-flat-for-sale-in-westlands-116940806,2026-02-23
property24,Westlands,"Mogotio Rd 23, Westlands, Nairobi",Apartment,1.0,1.0,7.0,603,6800000,https://www.property24.co.ke/1-bedroom-apartment-flat-for-sale-in-westlands-116940803,2026-02-23
property24,Westlands,"Mogotio Rd 23, Westlands, Nairobi",Apartment,1.0,1.0,7.0,603,6800000,https://www.property24.co.ke/1-bedroom-apartment-flat-for-sale-in-westlands-116940795,2026-02-23
property24,Westlands,"Mogotio Rd Nairobi, Westlands, Nairobi",Apartment,1.0,1.0,1.0,441,5800000,https://www.property24.co.ke/1-bedroom-apartment-flat-for-sale-in-westlands-116926882,2026-02-23
property24,Westlands,"Westlands, Westlands, Nairobi",Apartment,1.0,1.0,1.0,441,5880000,https://www.property24.co.ke/1-bedroom-apartment-flat-for-sale-in-westlands-101735696,2026-02-23
property24,Westlands,"Mogotio Rd Nairobi, Westlands, Nairobi",Apartment,1.0,1.0,1.0,753,8800000,https://www.property24.co.ke/1-bedroom-apartment-flat-for-sale-in-westlands-116926851,2026-02-23
property24,Westlands,"Rhapta Road Nairobi, Westlands, Nairobi",Apartment,2.0,3.0,1.0,1410,15500000,https://www.property24.co.ke/2-bedroom-apartment-flat-for-sale-in-westlands-116931228,2026-02-23
property24,Westlands,"Rhapta Road Nairobi, Westlands, Nairobi",Apartment,2.0,3.0,1.0,1410,15500000,https://www.property24.co.ke/2-bedroom-apartment-flat-for-sale-in-westlands-116931216,2026-02-23
property24,Westlands,"Rhapta Terraces Rhapta Road, Westlands, Nairobi",Apartment,1.0,1.0,1.0,753,9200000,https://www.property24.co.ke/1-bedroom-apartment-flat-for-sale-in-westlands-116898791,2026-02-23
property24,Westlands,"Rhapta Terraces Rhapta Road, Westlands, Nairobi",Apartment,1.0,1.0,1.0,721,9000000,https://www.property24.co.ke/1-bedroom-apartment-flat-for-sale-in-westlands-116898781,2026-02-23
property24,Kilimani,"Wood Ave Kilimani, Kilimani, Nairobi",Apartment,2.0,2.0,1.0,1163,11200000,https://www.property24.co.ke/2-bedroom-apartment-flat-for-sale-in-kilimani-116950925,2026-02-23
property24,Kilimani,"George Padmore Road Kilimani, Kilimani, Nairobi",Apartment,1.0,1.0,1.0,840,8550000,https://www.property24.co.ke/1-bedroom-apartment-flat-for-sale-in-kilimani-116951989,2026-02-23
property24,Westlands,"Westlands Highridge, Westlands, Nairobi",Apartment,3.0,4.0,7.0,1722,24400000,https://www.property24.co.ke/3-bedroom-apartment-flat-for-sale-in-westlands-101753149,2026-02-23
property24,Runda,"Runda Kitisuru, Runda, Nairobi",House,4.0,6.0,4.0,3767,53000000,https://www.property24.co.ke/4-bedroom-house-for-sale-in-runda-116930233,2026-02-23
property24,Runda,"Runda Kitisuru, Runda, Nairobi",House,4.0,5.0,4.0,3767,53000000,https://www.property24.co.ke/4-bedroom-house-for-sale-in-runda-116929844,2026-02-23
property24,Kiambu Road,"Njathaini Rd KE, Kiambu Road, Nairobi",House,4.0,5.0,5.0,3229,35000000,https://www.property24.co.ke/4-bedroom-house-for-sale-in-kiambu-road-116926772,2026-02-23
property24,Runda,"Kiambu Rd Kiambu, Runda, Nairobi",House,4.0,5.0,5.0,3229,35000000,https://www.property24.co.ke/4-bedroom-house-for-sale-in-runda-116926721,2026-02-23
property24,Runda,"Runda Kitisuru, Runda, Nairobi",House,4.0,5.0,5.0,3229,35000000,https://www.property24.co.ke/4-bedroom-house-for-sale-in-runda-116926705,2026-02-23
property24,Runda,"Kiambu Rd Kiambu, Runda, Nairobi",House,4.0,5.0,5.0,3229,35000000,https://www.property24.co.ke/4-bedroom-house-for-sale-in-runda-116926583,2026-02-23
property24,Runda,"Njathaini Rd KE, Runda, Nairobi",House,4.0,5.0,5.0,3229,35000000,https://www.property24.co.ke/4-bedroom-house-for-sale-in-runda-116926554,2026-02-23
property24,Spring Valley,"Spring Valley Nairobi, Spring Valley, Nairobi",Apartment,3.0,4.0,2.0,43,23100000,https://www.property24.co.ke/3-bedroom-apartment-flat-for-sale-in-spring-valley-116904200,2026-02-23
property24,Kileleshwa,"Othaya Rd Nairobi, Kileleshwa, Nairobi",Apartment,4.0,5.0,2.0,2906,25800000,https://www.property24.co.ke/4-bedroom-apartment-flat-for-sale-in-kileleshwa-116940608,2026-02-23
property24,Westlands,"PQQJ+M66 Muthangari Dr, Westlands, Nairobi",Apartment,3.0,3.0,7.0,1722,24400000,https://www.property24.co.ke/3-bedroom-apartment-flat-for-sale-in-westlands-116930324,2026-02-23
property24,Westlands,"Muthangari Dr Nairobi, Westlands, Nairobi",Apartment,3.0,4.0,7.0,1722,24400000,https://www.property24.co.ke/3-bedroom-apartment-flat-for-sale-in-westlands-116930656,2026-02-23
property24,Westlands,"Muthangari Dr, Westlands, Nairobi",Apartment,3.0,4.0,7.0,1722,24400000,https://www.property24.co.ke/3-bedroom-apartment-flat-for-sale-in-westlands-116930632,2026-02-23
property24,Westlands,"Westlands Highridge, Westlands, Nairobi",Apartment,3.0,4.0,7.0,1722,24400000,https://www.property24.co.ke/3-bedroom-apartment-flat-for-sale-in-westlands-116930620,2026-02-23
property24,Westlands,"PQQJ+M66 Muthangari Dr, Westlands, Nairobi",Apartment,3.0,4.0,7.0,1722,24400000,https://www.property24.co.ke/3-bedroom-apartment-flat-for-sale-in-westlands-116930616,2026-02-23
property24,Westlands,"PQQJ+M66 Muthangari Dr, Westlands, Nairobi",Apartment,3.0,4.0,7.0,1722,24400000,https://www.property24.co.ke/3-bedroom-apartment-flat-for-sale-in-westlands-116930414,2026-02-23
property24,Westlands,"PQQJ+M66 Muthangari Dr, Westlands, Nairobi",Apartment,3.0,4.0,7.0,1722,24400000,https://www.property24.co.ke/3-bedroom-apartment-flat-for-sale-in-westlands-116930376,2026-02-23
property24,Westlands,"PQQJ+M66 Muthangari Dr, Westlands, Nairobi",Apartment,3.0,4.0,7.0,1722,24400000,https://www.property24.co.ke/3-bedroom-apartment-flat-for-sale-in-westlands-116930343,2026-02-23
property24,Westlands,"Rhapta Terraces Rhapta Road, Westlands, Nairobi",Apartment,2.0,2.0,1.0,1227,13000000,https://www.property24.co.ke/2-bedroom-apartment-flat-for-sale-in-westlands-101747247,2026-02-23
property24,Westlands,"PQQJ+M66 Muthangari Dr, Westlands, Nairobi",Apartment,3.0,4.0,7.0,1722,24400000,https://www.property24.co.ke/3-bedroom-apartment-flat-for-sale-in-westlands-116930335,2026-02-23
property24,Westlands,"PQQJ+M66 Muthangari Dr, Westlands, Nairobi",Apartment,3.0,4.0,7.0,1722,24400000,https://www.property24.co.ke/3-bedroom-apartment-flat-for-sale-in-westlands-116930332,2026-02-23
property24,Westlands,"PQQJ+M66 Muthangari Dr, Westlands, Nairobi",Apartment,3.0,4.0,7.0,1722,24400000,https://www.property24.co.ke/3-bedroom-apartment-flat-for-sale-in-westlands-116930301,2026-02-23
property24,Westlands,"Rhapta Road Nairobi, Westlands, Nairobi",Apartment,2.0,2.0,1.0,1292,12700000,https://www.property24.co.ke/2-bedroom-apartment-flat-for-sale-in-westlands-116945558,2026-02-23
property24,Westlands,"Rhapta Terraces Rhapta Road, Westlands, Nairobi",Apartment,2.0,2.0,1.0,1227,13000000,https://www.property24.co.ke/2-bedroom-apartment-flat-for-sale-in-westlands-116918953,2026-02-23
property24,Kilimani,"Wood Ave Kilimani, Kilimani, Nairobi",Apartment,3.0,3.0,2.0,1442,14400000,https://www.property24.co.ke/3-bedroom-apartment-flat-for-sale-in-kilimani-116950957,2026-02-23
property24,Syokimau,"Syokimau Nairobi, Syokimau, Nairobi",Apartment,1.0,1.0,1.0,592,4800000,https://www.property24.co.ke/1-bedroom-apartment-flat-for-sale-in-syokimau-116952422,2026-02-23
property24,Syokimau,"Syokimau Nairobi, Syokimau, Nairobi",Apartment,2.0,2.0,1.0,1173,7500000,https://www.property24.co.ke/2-bedroom-apartment-flat-for-sale-in-syokimau-116952248,2026-02-23
property24,Syokimau,"Syokimau Nairobi, Syokimau, Nairobi",Apartment,2.0,2.0,1.0,1173,7500000,https://www.property24.co.ke/2-bedroom-apartment-flat-for-sale-in-syokimau-116952236,2026-02-23
property24,Kileleshwa,"Gatundu Rd Kileleshwa, Kileleshwa, Nairobi",Apartment,2.0,3.0,1.0,1184,9000000,https://www.property24.co.ke/2-bedroom-apartment-flat-for-sale-in-kileleshwa-116898117,2026-02-23
property24,Kileleshwa,"Othaya Rd Nairobi, Kileleshwa, Nairobi",Apartment,4.0,5.0,2.0,2906,25800000,https://www.property24.co.ke/4-bedroom-apartment-flat-for-sale-in-kileleshwa-116940615,2026-02-23
property24,Kilimani,"Riara Rd, Kilimani, Nairobi",Apartment,2.0,2.0,7.0,1184,10700000,https://www.property24.co.ke/2-bedroom-apartment-flat-for-sale-in-kilimani-116948819,2026-02-23
property24,Kilimani,"Riara Rd, Kilimani, Nairobi",Apartment,2.0,2.0,7.0,1184,10700000,https://www.property24.co.ke/2-bedroom-apartment-flat-for-sale-in-kilimani-116948805,2026-02-23
property24,Kilimani,"Riara Rd, Kilimani, Nairobi",Apartment,2.0,2.0,7.0,1184,10700000,https://www.property24.co.ke/2-bedroom-apartment-flat-for-sale-in-kilimani-116948794,2026-02-23
property24,Kilimani,"Riara Rd, Kilimani, Nairobi",Apartment,2.0,2.0,7.0,1184,10700000,https://www.property24.co.ke/2-bedroom-apartment-flat-for-sale-in-kilimani-116948737,2026-02-23
property24,Lavington,"Isaac Gathanju Road Maziwa, Lavington, Nairobi",House,5.0,,3.0,4306,69000000,https://www.property24.co.ke/5-bedroom-house-for-sale-in-lavington-116897388,2026-02-23
property24,Lavington,"Isaac Gathanju Road Maziwa, Lavington, Nairobi",Townhouse,5.0,,3.0,4306,69000000,https://www.property24.co.ke/5-bedroom-townhouse-for-sale-in-lavington-116897364,2026-02-23
property24,Westlands,"Rhapta Terraces Rhapta Road, Westlands, Nairobi",Apartment,1.0,1.0,1.0,753,9200000,https://www.property24.co.ke/1-bedroom-apartment-flat-for-sale-in-westlands-116898794,2026-02-23
property24,Westlands,"Rhapta Terraces Rhapta Road, Westlands, Nairobi",Apartment,1.0,1.0,1.0,721,9000000,https://www.property24.co.ke/1-bedroom-apartment-flat-for-sale-in-westlands-116898786,2026-02-23
property24,Kileleshwa,"Gatundu Rd Kileleshwa, Kileleshwa, Nairobi",Apartment,3.0,3.0,2.0,1464,12500000,https://www.property24.co.ke/3-bedroom-apartment-flat-for-sale-in-kileleshwa-116898123,2026-02-23
property24,Lavington,"Chalbi Dr Maziwa, Lavington, Nairobi",Townhouse,5.0,,3.0,4844,70000000,https://www.property24.co.ke/5-bedroom-townhouse-for-sale-in-lavington-116897439,2026-02-23
property24,Kileleshwa,"Othaya Rd Nairobi, Kileleshwa, Nairobi",Apartment,5.0,6.0,2.0,3950,41000000,https://www.property24.co.ke/5-bedroom-apartment-flat-for-sale-in-kileleshwa-116941166,2026-02-23
property24,Kileleshwa,"Gatundu Rd Kileleshwa, Kileleshwa, Nairobi",Apartment,2.0,3.0,1.0,1184,9000000,https://www.property24.co.ke/2-bedroom-apartment-flat-for-sale-in-kileleshwa-116898121,2026-02-23
property24,Kileleshwa,"Othaya Rd Kileleshwa, Kileleshwa, Nairobi",Apartment,4.0,4.0,2.0,2454,26000000,https://www.property24.co.ke/4-bedroom-apartment-flat-for-sale-in-kileleshwa-116948852,2026-02-23
property24,Kilimani,"Wood Ave Kilimani, Kilimani, Nairobi",Apartment,2.0,2.0,1.0,1163,11200000,https://www.property24.co.ke/2-bedroom-apartment-flat-for-sale-in-kilimani-116950916,2026-02-23
property24,Syokimau,"Syokimau Nairobi, Syokimau, Nairobi",Apartment,3.0,3.0,1.0,1561,9700000,https://www.property24.co.ke/3-bedroom-apartment-flat-for-sale-in-syokimau-116952312,2026-02-23
property24,Syokimau,"Syokimau Nairobi, Syokimau, Nairobi",Apartment,3.0,3.0,1.0,1561,9700000,https://www.property24.co.ke/3-bedroom-apartment-flat-for-sale-in-syokimau-116952274,2026-02-23
property24,Lavington,"Apple Cross Rd Nairobi, Lavington, Nairobi",Townhouse,5.0,,5.0,9688,220000000,https://www.property24.co.ke/5-bedroom-townhouse-for-sale-in-lavington-116897346,2026-02-23
property24,Lavington,"Apple Cross Rd Nairobi, Lavington, Nairobi",House,5.0,,5.0,9688,220000000,https://www.property24.co.ke/5-bedroom-house-for-sale-in-lavington-116897326,2026-02-23
property24,Kileleshwa,"Gatundu Rd Kileleshwa, Kileleshwa, Nairobi",Apartment,3.0,3.0,2.0,1464,12500000,https://www.property24.co.ke/3-bedroom-apartment-flat-for-sale-in-kileleshwa-116898126,2026-02-23
property24,Kilimani,"George Padmore Road Kilimani, Kilimani, Nairobi",Apartment,2.0,2.0,1.0,1012,10300000,https://www.property24.co.ke/2-bedroom-apartment-flat-for-sale-in-kilimani-116952000,2026-02-23
property24,Kiambu Road,"Njathaini Rd KE, Kiambu Road, Nairobi",House,4.0,5.0,5.0,3229,35000000,https://www.property24.co.ke/4-bedroom-house-for-sale-in-kiambu-road-116926786,2026-02-23
property24,Lavington,"Chalbi Dr Maziwa, Lavington, Nairobi",Townhouse,5.0,,3.0,4844,70000000,https://www.property24.co.ke/5-bedroom-townhouse-for-sale-in-lavington-101758593,2026-02-23
property24,Kiambu Road,"Njathaini Rd KE, Kiambu Road, Nairobi",House,4.0,5.0,5.0,3229,35000000,https://www.property24.co.ke/4-bedroom-house-for-sale-in-kiambu-road-116926746,2026-02-23
property24,Kilimani,"Kirichwa Rd Kilimani, Kilimani, Nairobi",Apartment,2.0,2.0,1.0,1259,14700000,https://www.property24.co.ke/2-bedroom-apartment-flat-for-sale-in-kilimani-116909627,2026-02-23
property24,Kileleshwa,"Othaya Rd Nairobi, Kileleshwa, Nairobi",Apartment,5.0,6.0,2.0,3950,41000000,https://www.property24.co.ke/5-bedroom-apartment-flat-for-sale-in-kileleshwa-116941182,2026-02-23
property24,Westlands,"Rhapta Terraces Rhapta Road, Westlands, Nairobi",Apartment,2.0,3.0,1.0,1561,16450000,https://www.property24.co.ke/2-bedroom-apartment-flat-for-sale-in-westlands-116900065,2026-02-23
property24,Westlands,"Mogotio Rd 23, Westlands, Nairobi",Apartment,1.0,1.0,6.0,603,6800000,https://www.property24.co.ke/1-bedroom-apartment-flat-for-sale-in-westlands-116930289,2026-02-23
property24,Westlands,"Mogotio Rd 23, Westlands, Nairobi",Apartment,1.0,1.0,6.0,603,6800000,https://www.property24.co.ke/1-bedroom-apartment-flat-for-sale-in-westlands-116930259,2026-02-23
property24,Westlands,"Mogotio Rd 23, Westlands, Nairobi",Apartment,1.0,1.0,6.0,603,6800000,https://www.property24.co.ke/1-bedroom-apartment-flat-for-sale-in-westlands-116930257,2026-02-23
property24,Westlands,"Mogotio Rd 23, Westlands, Nairobi",Apartment,1.0,1.0,6.0,603,6800000,https://www.property24.co.ke/1-bedroom-apartment-flat-for-sale-in-westlands-116930250,2026-02-23
property24,Westlands,"Mogotio Rd 23, Westlands, Nairobi",Apartment,1.0,1.0,6.0,603,6800000,https://www.property24.co.ke/1-bedroom-apartment-flat-for-sale-in-westlands-116930245,2026-02-23
property24,Westlands,"Mogotio Rd 23, Westlands, Nairobi",Apartment,1.0,1.0,6.0,603,6800000,https://www.property24.co.ke/1-bedroom-apartment-flat-for-sale-in-westlands-116930240,2026-02-23
property24,Westlands,"Mogotio Rd 23, Westlands, Nairobi",Apartment,1.0,1.0,7.0,603,6800000,https://www.property24.co.ke/1-bedroom-apartment-flat-for-sale-in-westlands-116945760,2026-02-23
property24,Westlands,"Mogotio Rd 23, Westlands, Nairobi",Apartment,1.0,1.0,7.0,603,6800000,https://www.property24.co.ke/1-bedroom-apartment-flat-for-sale-in-westlands-116945752,2026-02-23
property24,Kilimani,"Kirichwa Rd Kilimani, Kilimani, Nairobi",Apartment,2.0,2.0,1.0,1259,14700000,https://www.property24.co.ke/2-bedroom-apartment-flat-for-sale-in-kilimani-116909645,2026-02-23
property24,Kilimani,"Wood Ave Kilimani, Kilimani, Nairobi",Apartment,3.0,3.0,2.0,1442,14400000,https://www.property24.co.ke/3-bedroom-apartment-flat-for-sale-in-kilimani-116950943,2026-02-23
property24,Westlands,"Westlands Highridge, Westlands, Nairobi",Apartment,4.0,5.0,3.0,3789,32900000,https://www.property24.co.ke/4-bedroom-apartment-flat-for-sale-in-westlands-116896021,2026-02-23
property24,Westlands,"Rhapta Terraces Rhapta Road, Westlands, Nairobi",Apartment,3.0,4.0,2.0,2131,22550000,https://www.property24.co.ke/3-bedroom-apartment-flat-for-sale-in-westlands-116900395,2026-02-23
property24,Riverside,"Riverside Dr Nairobi, Riverside, Nairobi",Apartment,2.0,2.0,2.0,527,28000000,https://www.property24.co.ke/2-bedroom-apartment-flat-for-sale-in-riverside-116909713,2026-02-23
property24,Syokimau,"Syokimau Nairobi, Syokimau, Nairobi",Apartment,1.0,1.0,1.0,592,4800000,https://www.property24.co.ke/1-bedroom-apartment-flat-for-sale-in-syokimau-116952405,2026-02-23
property24,Westlands,"Rhapta Road Nairobi, Westlands, Nairobi",Apartment,2.0,2.0,1.0,1238,11700000,https://www.property24.co.ke/2-bedroom-apartment-flat-for-sale-in-westlands-116945549,2026-02-23
property24,Westlands,"Rhapta Terraces Rhapta Road, Westlands, Nairobi",Apartment,2.0,3.0,1.0,1561,16450000,https://www.property24.co.ke/2-bedroom-apartment-flat-for-sale-in-westlands-116900365,2026-02-23
property24,Lavington,"PQG6+5JP Chalbi Dr, Lavington, Nairobi",Townhouse,5.0,,4.0,6781,125000000,https://www.property24.co.ke/5-bedroom-townhouse-for-sale-in-lavington-116897427,2026-02-23
property24,Westlands,"Mogotio Rd 23, Westlands, Nairobi",Apartment,1.0,1.0,6.0,603,6800000,https://www.property24.co.ke/1-bedroom-apartment-flat-for-sale-in-westlands-101747402,2026-02-23
property24,Westlands,"Jalaram Rd Spring Valley, Westlands, Nairobi",Apartment,4.0,,5.0,2174,27000000,https://www.property24.co.ke/4-bedroom-apartment-flat-for-sale-in-westlands-116902762,2026-02-23
property24,Westlands,"Jalaram Rd Spring Valley, Westlands, Nairobi",Apartment,3.0,,2.0,1636,19500000,https://www.property24.co.ke/3-bedroom-apartment-flat-for-sale-in-westlands-116902761,2026-02-23
property24,Kilimani,"George Padmore Road Kilimani, Kilimani, Nairobi",Apartment,2.0,2.0,1.0,1076,11000000,https://www.property24.co.ke/2-bedroom-apartment-flat-for-sale-in-kilimani-116952020,2026-02-23
property24,Kilimani,"George Padmore Road Kilimani, Kilimani, Nairobi",Apartment,2.0,2.0,1.0,1033,10550000,https://www.property24.co.ke/2-bedroom-apartment-flat-for-sale-in-kilimani-116952011,2026-02-23
property24,Kilimani,"Riara Rd Maziwa, Kilimani, Nairobi",Apartment,3.0,,2.0,1722,17800000,https://www.property24.co.ke/3-bedroom-apartment-flat-for-sale-in-kilimani-116930346,2026-02-23
property24,Westlands,"Rhapta Terraces Rhapta Road, Westlands, Nairobi",Apartment,2.0,3.0,1.0,1453,15150000,https://www.property24.co.ke/2-bedroom-apartment-flat-for-sale-in-westlands-116898928,2026-02-23
property24,Westlands,"Rhapta Terraces Rhapta Road, Westlands, Nairobi",Apartment,2.0,3.0,1.0,1399,14450000,https://www.property24.co.ke/2-bedroom-apartment-flat-for-sale-in-westlands-116898914,2026-02-23
property24,Kilimani,"George Padmore Road Kilimani, Kilimani, Nairobi",Apartment,3.0,3.0,2.0,1453,14800000,https://www.property24.co.ke/3-bedroom-apartment-flat-for-sale-in-kilimani-116952027,2026-02-23
property24,Kilimani,"Riara Rd Maziwa, Kilimani, Nairobi",Apartment,2.0,,1.0,1292,14800000,https://www.property24.co.ke/2-bedroom-apartment-flat-for-sale-in-kilimani-116887551,2026-02-23
property24,Westlands,"Rhapta Terraces Rhapta Road, Westlands, Nairobi",Apartment,3.0,4.0,2.0,2131,22550000,https://www.property24.co.ke/3-bedroom-apartment-flat-for-sale-in-westlands-101731252,2026-02-23
property24,Kilimani,"Riara Rd Maziwa, Kilimani, Nairobi",Apartment,3.0,,2.0,1722,17800000,https://www.property24.co.ke/3-bedroom-apartment-flat-for-sale-in-kilimani-116887506,2026-02-23
property24,Kilimani,"Riara Rd Maziwa, Kilimani, Nairobi",Apartment,2.0,2.0,1.0,1130,9700000,https://www.property24.co.ke/2-bedroom-apartment-flat-for-sale-in-kilimani-116887705,2026-02-23
property24,Kilimani,"Riara Rd Maziwa, Kilimani, Nairobi",Apartment,2.0,2.0,1.0,1184,11800000,https://www.property24.co.ke/2-bedroom-apartment-flat-for-sale-in-kilimani-116887667,2026-02-23
property24,Kilimani,"Riara Rd Maziwa, Kilimani, Nairobi",Apartment,2.0,2.0,1.0,1216,12800000,https://www.property24.co.ke/2-bedroom-apartment-flat-for-sale-in-kilimani-116887642,2026-02-23
property24,Muthangari,"Muthangari Dr Nairobi, Muthangari, Nairobi",Apartment,3.0,4.0,2.0,1733,27790000,https://www.property24.co.ke/3-bedroom-apartment-flat-for-sale-in-muthangari-116889009,2026-02-23
property24,Kilimani,"Riara Rd Maziwa, Kilimani, Nairobi",Apartment,3.0,3.0,1.0,1399,15800000,https://www.property24.co.ke/3-bedroom-apartment-flat-for-sale-in-kilimani-116887534,2026-02-23
property24,Westlands,"Rhapta Terraces Rhapta Road, Westlands, Nairobi",Apartment,3.0,4.0,2.0,2131,22550000,https://www.property24.co.ke/3-bedroom-apartment-flat-for-sale-in-westlands-116900417,2026-02-23
property24,Westlands,"Westlands Highridge, Westlands, Nairobi",Apartment,2.0,2.0,2.0,1087,13000000,https://www.property24.co.ke/2-bedroom-apartment-flat-for-sale-in-westlands-116893921,2026-02-23
property24,Westlands,"Westlands, Westlands, Nairobi",Apartment,2.0,2.0,2.0,969,14000000,https://www.property24.co.ke/2-bedroom-apartment-flat-for-sale-in-westlands-116886694,2026-02-23
property24,Westlands,"Westlands, Westlands, Nairobi",Apartment,1.0,1.0,1.0,624,8700000,https://www.property24.co.ke/1-bedroom-apartment-flat-for-sale-in-westlands-116886691,2026-02-23
property24,Westlands,"Westlands, Westlands, Nairobi",Apartment,1.0,1.0,1.0,624,8700000,https://www.property24.co.ke/1-bedroom-apartment-flat-for-sale-in-westlands-116886689,2026-02-23
property24,Westlands,"Westlands, Westlands, Nairobi",Apartment,3.0,3.0,3.0,1507,19000000,https://www.property24.co.ke/3-bedroom-apartment-flat-for-sale-in-westlands-116886680,2026-02-23
property24,Westlands,"Westlands, Westlands, Nairobi",Apartment,1.0,1.0,1.0,560,6440000,https://www.property24.co.ke/1-bedroom-apartment-flat-for-sale-in-westlands-116886676,2026-02-23
property24,Westlands,"Westlands, Westlands, Nairobi",Apartment,2.0,2.0,2.0,1119,12844000,https://www.property24.co.ke/2-bedroom-apartment-flat-for-sale-in-westlands-116886672,2026-02-23
property24,Westlands,"Rhapta Terraces Rhapta Road, Westlands, Nairobi",Apartment,2.0,3.0,1.0,1399,14450000,https://www.property24.co.ke/2-bedroom-apartment-flat-for-sale-in-westlands-116898916,2026-02-23
property24,Kitisuru,"Kitisuru Nairobi, Kitisuru, Nairobi",Townhouse,4.0,5.0,3.0,32,60000000,https://www.property24.co.ke/4-bedroom-townhouse-for-sale-in-kitisuru-116888888,2026-02-23
property24,Loresho,"Loresho Nairobi, Loresho, Nairobi",Apartment,4.0,5.0,3.0,43099,75000000,https://www.property24.co.ke/4-bedroom-apartment-flat-for-sale-in-loresho-116889195,2026-02-23
property24,Westlands,"Westlands, Westlands, Nairobi",Apartment,1.0,1.0,1.0,441,5300000,https://www.property24.co.ke/1-bedroom-apartment-flat-for-sale-in-westlands-116886687,2026-02-23
property24,Westlands,"Mogotio Rd, Westlands, Nairobi",Apartment,3.0,4.0,7.0,1991,23000000,https://www.property24.co.ke/3-bedroom-apartment-flat-for-sale-in-westlands-116930699,2026-02-23
property24,Westlands,"Mogotio Rd, westlands, Westlands, Nairobi",Apartment,3.0,4.0,7.0,1991,23000000,https://www.property24.co.ke/3-bedroom-apartment-flat-for-sale-in-westlands-116930692,2026-02-23
property24,Westlands,"Rhapta Road Nairobi, Westlands, Nairobi",Apartment,2.0,3.0,1.0,1152,12300000,https://www.property24.co.ke/2-bedroom-apartment-flat-for-sale-in-westlands-116898700,2026-02-23
property24,Westlands,"Rhapta Road Nairobi, Westlands, Nairobi",Apartment,2.0,3.0,1.0,1152,12300000,https://www.property24.co.ke/2-bedroom-apartment-flat-for-sale-in-westlands-116898697,2026-02-23
property24,Kilimani,"Kirichwa Rd Kilimani, Kilimani, Nairobi",Apartment,2.0,2.0,1.0,1313,15600000,https://www.property24.co.ke/2-bedroom-apartment-flat-for-sale-in-kilimani-116909664,2026-02-23
property24,Kileleshwa,"Gatundu Rd Kileleshwa, Kileleshwa, Nairobi",Apartment,1.0,1.0,1.0,710,7000000,https://www.property24.co.ke/1-bedroom-apartment-flat-for-sale-in-kileleshwa-101757417,2026-02-23
property24,Westlands,"School Ln Spring Valley, Westlands, Nairobi",Apartment,1.0,1.0,1.0,409,7749000,https://www.property24.co.ke/1-bedroom-apartment-flat-for-sale-in-westlands-116891450,2026-02-23
property24,Westlands,"Rhapta Terraces Rhapta Road, Westlands, Nairobi",Apartment,2.0,3.0,1.0,1453,15150000,https://www.property24.co.ke/2-bedroom-apartment-flat-for-sale-in-westlands-116899100,2026-02-23
property24,Kitisuru,"Kitisuru Nairobi, Kitisuru, Nairobi",House,5.0,4.0,6.0,54,85000000,https://www.property24.co.ke/5-bedroom-house-for-sale-in-kitisuru-116888941,2026-02-23
property24,Kilimani,"Kilimani Estate Kilimani, Kilimani, Nairobi",Apartment,,1.0,1.0,484,5500000,https://www.property24.co.ke/apartment-flat-for-sale-in-kilimani-116891418,2026-02-23
property24,Kilimani,"Riara Rd Maziwa, Kilimani, Nairobi",Apartment,4.0,,2.0,2476,26500000,https://www.property24.co.ke/4-bedroom-apartment-flat-for-sale-in-kilimani-116887486,2026-02-23
property24,Kilimani,"Riara Rd Maziwa, Kilimani, Nairobi",Apartment,5.0,,2.0,2691,28200000,https://www.property24.co.ke/5-bedroom-apartment-flat-for-sale-in-kilimani-116887471,2026-02-23
property24,Syokimau,"Syokimau Nairobi, Syokimau, Nairobi",Apartment,4.0,4.0,1.0,1851,13900000,https://www.property24.co.ke/4-bedroom-apartment-flat-for-sale-in-syokimau-116952170,2026-02-23
property24,Syokimau,"Syokimau Nairobi, Syokimau, Nairobi",Apartment,4.0,4.0,1.0,1851,13900000,https://www.property24.co.ke/4-bedroom-apartment-flat-for-sale-in-syokimau-116952152,2026-02-23
property24,Lavington,"PQG6+5JP Chalbi Dr, Lavington, Nairobi",House,5.0,,4.0,6781,125000000,https://www.property24.co.ke/5-bedroom-house-for-sale-in-lavington-116897287,2026-02-23
property24,Westlands,"Rhapta Road Nairobi, Westlands, Nairobi",Apartment,2.0,3.0,1.0,1184,13000000,https://www.property24.co.ke/2-bedroom-apartment-flat-for-sale-in-westlands-116898748,2026-02-23
property24,Karen,"MPP8+J9X Karen, Karen, Nairobi",Townhouse,4.0,4.0,,3229,90000000,https://www.property24.co.ke/4-bedroom-townhouse-for-sale-in-karen-116933595,2026-02-23
property24,Kileleshwa,"Gatundu Rd Kileleshwa, Kileleshwa, Nairobi",Apartment,1.0,1.0,1.0,710,7000000,https://www.property24.co.ke/1-bedroom-apartment-flat-for-sale-in-kileleshwa-116897928,2026-02-23
property24,Kileleshwa,"Gatundu Rd Kileleshwa, Kileleshwa, Nairobi",Apartment,1.0,1.0,1.0,700,6900000,https://www.property24.co.ke/1-bedroom-apartment-flat-for-sale-in-kileleshwa-116897914,2026-02-23
property24,Kileleshwa,"Kileleshwa Nairobi, Kileleshwa, Nairobi",Apartment,2.0,2.0,1.0,1195,10400000,https://www.property24.co.ke/2-bedroom-apartment-flat-for-sale-in-kileleshwa-116883724,2026-02-23
property24,Kilimani,"Kilimani Nairobi, Kilimani, Nairobi",Apartment,4.0,4.0,2.0,129,25000000,https://www.property24.co.ke/4-bedroom-apartment-flat-for-sale-in-kilimani-101756462,2026-02-23
property24,Kileleshwa,"Kileleshwa Nairobi, Kileleshwa, Nairobi",Apartment,2.0,2.0,1.0,1281,11200000,https://www.property24.co.ke/2-bedroom-apartment-flat-for-sale-in-kileleshwa-116883701,2026-02-23
property24,Kileleshwa,"Kileleshwa Nairobi, Kileleshwa, Nairobi",Apartment,2.0,2.0,1.0,1378,12500000,https://www.property24.co.ke/2-bedroom-apartment-flat-for-sale-in-kileleshwa-116883687,2026-02-23
property24,Kileleshwa,"Kileleshwa Nairobi, Kileleshwa, Nairobi",Apartment,2.0,2.0,1.0,1453,12700000,https://www.property24.co.ke/2-bedroom-apartment-flat-for-sale-in-kileleshwa-116883665,2026-02-23
property24,Kileleshwa,"Kileleshwa Nairobi, Kileleshwa, Nairobi",Apartment,2.0,2.0,1.0,1464,12800000,https://www.property24.co.ke/2-bedroom-apartment-flat-for-sale-in-kileleshwa-116883663,2026-02-23
property24,Westlands,"Matundu Lane Spring Valley, Westlands, Nairobi",Apartment,2.0,2.0,1.0,969,14000000,https://www.property24.co.ke/2-bedroom-apartment-flat-for-sale-in-westlands-116882902,2026-02-23
property24,Westlands,"Rhapta Terraces Rhapta Road, Westlands, Nairobi",Apartment,1.0,1.0,1.0,753,9200000,https://www.property24.co.ke/1-bedroom-apartment-flat-for-sale-in-westlands-116882188,2026-02-23
property24,Westlands,"Rhapta Terraces Rhapta Road, Westlands, Nairobi",Apartment,1.0,1.0,1.0,721,9000000,https://www.property24.co.ke/1-bedroom-apartment-flat-for-sale-in-westlands-116882122,2026-02-23
property24,Westlands,"Rhapta Road Nairobi, Westlands, Nairobi",Apartment,2.0,2.0,1.0,883,12000000,https://www.property24.co.ke/2-bedroom-apartment-flat-for-sale-in-westlands-116891488,2026-02-23
property24,Spring Valley,"Spring Valley Nairobi, Spring Valley, Nairobi",Townhouse,5.0,6.0,3.0,904,65000000,https://www.property24.co.ke/5-bedroom-townhouse-for-sale-in-spring-valley-116889051,2026-02-23
property24,Lavington,"Lavington Kileleshwa, Lavington, Nairobi",Apartment,3.0,4.0,2.0,8407,30000000,https://www.property24.co.ke/3-bedroom-apartment-flat-for-sale-in-lavington-116881274,2026-02-23
property24,Kilimani,"Kirichwa Rd Kilimani, Kilimani, Nairobi",Apartment,2.0,2.0,1.0,1313,15600000,https://www.property24.co.ke/2-bedroom-apartment-flat-for-sale-in-kilimani-116909674,2026-02-23
property24,Kilimani,"Kilimani Nairobi, Kilimani, Nairobi",Apartment,4.0,4.0,2.0,129,25000000,https://www.property24.co.ke/4-bedroom-apartment-flat-for-sale-in-kilimani-116881271,2026-02-23
property24,Westlands,"Rhapta Road Nairobi, Westlands, Nairobi",Apartment,3.0,,2.0,1528,17500000,https://www.property24.co.ke/3-bedroom-apartment-flat-for-sale-in-westlands-116891483,2026-02-23
property24,Kilimani,"Kilimani Estate Kilimani, Kilimani, Nairobi",Apartment,,1.0,1.0,484,5500000,https://www.property24.co.ke/apartment-flat-for-sale-in-kilimani-116891430,2026-02-23
property24,Westlands,"Mogotio Rd Nairobi, Westlands, Nairobi",Apartment,2.0,2.0,1.0,1130,14100000,https://www.property24.co.ke/2-bedroom-apartment-flat-for-sale-in-westlands-116882801,2026-02-23
property24,Westlands,"Mogotio Rd 23, Westlands, Nairobi",Apartment,1.0,1.0,6.0,603,6800000,https://www.property24.co.ke/1-bedroom-apartment-flat-for-sale-in-westlands-116930282,2026-02-23
property24,Westlands,"Mogotio Rd 23, Westlands, Nairobi",Apartment,1.0,1.0,6.0,603,6800000,https://www.property24.co.ke/1-bedroom-apartment-flat-for-sale-in-westlands-116930272,2026-02-23
property24,Westlands,"Mogotio Rd 23, Westlands, Nairobi",Apartment,1.0,1.0,7.0,603,6800000,https://www.property24.co.ke/1-bedroom-apartment-flat-for-sale-in-westlands-116930270,2026-02-23
